<?xml version="1.0" encoding="UTF-8" standalone="no"?>
<svg
   version="1.1"
   width="666"
   height="666"
   viewBox="0 0 666 666"
   id="svg523"
   xmlns="http://www.w3.org/2000/svg">
  <path
     d="M0 0 C1.09748566 -0.0033284 2.19497131 -0.0066568 3.32571411 -0.01008606 C5.65089498 -0.01515602 7.97608314 -0.01749436 10.30126953 -0.01733398 C13.86112461 -0.01951794 17.42066865 -0.0376662 20.98046875 -0.05664062 C23.2369781 -0.05957501 25.49348893 -0.0615595 27.75 -0.0625 C28.81676971 -0.06968552 29.88353943 -0.07687103 30.9826355 -0.08427429 C31.97691559 -0.08119766 32.97119568 -0.07812103 33.99560547 -0.07495117 C34.86893524 -0.07637619 35.74226501 -0.07780121 36.64205933 -0.07926941 C39.0078125 0.16796875 39.0078125 0.16796875 43.0078125 2.16796875 C45.22099503 2.71715066 47.43557176 3.26187162 49.65942383 3.76611328 C60.0462281 6.12200405 69.36284857 9.59987135 79.0078125 14.16796875 C81.33904687 15.17285221 83.67196024 16.17386681 86.0078125 17.16796875 C89.74381035 19.03596768 92.72279562 21.88084376 95.6484375 24.828125 C100.03475645 27.88324715 102.26015797 27.45638024 107.5078125 26.85546875 C130.88165385 24.90764864 148.59682787 33.2726397 166.0078125 48.16796875 C167.42707031 47.4409375 167.42707031 47.4409375 168.875 46.69921875 C200.89867046 30.46889844 239.52265284 13.87629063 276.0078125 24.16796875 C289.08116283 30.6750662 293.8218052 43.9478036 297.1953125 57.16796875 C303.11564297 84.15700564 302.50698108 112.66181757 296.90234375 139.66015625 C296.02236172 144.09465084 295.73785589 146.85011626 297.0078125 151.16796875 C299.2578125 153.91796875 299.2578125 153.91796875 302.0078125 156.16796875 C317.80696516 171.05442135 324.93370912 195.87898343 324.390625 216.96875 C323.52972855 226.41225694 319.97888373 233.83962783 314.984375 241.79296875 C313.53295783 244.4745185 313.53295783 244.4745185 316.0078125 248.16796875 C317.36657941 250.0961774 318.74395757 252.01131773 320.1328125 253.91796875 C338.28475414 280.09528652 343.85213268 309.82697594 335.8984375 340.4375 C331.61860398 354.15242107 324.70409082 368.38239529 312.2578125 376.35546875 C306.82713436 380.30420018 305.99402303 385.51479981 304.30078125 391.7734375 C295.68591487 421.05357249 273.3997078 444.53662207 246.0078125 457.16796875 C238.83988382 460.20482349 232.23247955 462.16382545 224.5078125 463.10546875 C216.10989803 464.6110016 211.81619049 469.58496435 206.328125 475.59375 C186.03031362 497.44374696 153.20265394 507.53160557 124.0078125 507.16796875 C121.583863 506.68215609 119.16638902 506.16251839 116.7578125 505.60546875 C106.65721188 503.96695083 98.54620103 509.47518503 89.78027344 513.84912109 C76.04112742 520.38477333 60.7073772 524.41389217 46.0078125 528.16796875 C45.18265137 528.38114746 44.35749023 528.59432617 43.50732422 528.81396484 C10.63123488 537.00214352 -19.66290987 530.22461812 -51.13183594 520.08105469 C-56.71358617 518.29923957 -62.30660125 516.58936531 -67.9921875 515.16796875 C-68.9821875 514.17796875 -69.9721875 513.18796875 -70.9921875 512.16796875 C-79.0760844 507.55413791 -85.60527562 504.02238889 -94.9921875 506.16796875 C-121.49752022 510.37145764 -152.21538999 500.74520081 -172.9921875 484.16796875 C-173.86359375 483.48476563 -174.735 482.8015625 -175.6328125 482.09765625 C-178.10259848 480.14060361 -180.54969996 478.15890397 -182.9921875 476.16796875 C-184.31089844 475.17216797 -184.31089844 475.17216797 -185.65625 474.15625 C-187.9921875 472.16796875 -187.9921875 472.16796875 -190.0546875 468.54296875 C-194.25416046 463.71804237 -198.76016177 463.37370275 -204.9921875 463.16796875 C-206.3121875 463.49796875 -207.6321875 463.82796875 -208.9921875 464.16796875 C-210.9921875 462.83463542 -212.9921875 461.50130208 -214.9921875 460.16796875 C-217.75777095 458.98891123 -220.52959037 457.82445671 -223.3046875 456.66796875 C-237.59106293 450.51585158 -250.13093181 441.2228507 -259.9921875 429.16796875 C-260.70632813 428.30300781 -261.42046875 427.43804687 -262.15625 426.546875 C-270.40951866 416.09557088 -275.65452469 404.28035744 -280.9921875 392.16796875 C-281.6521875 391.17796875 -282.3121875 390.18796875 -282.9921875 389.16796875 C-282.3321875 389.16796875 -281.6721875 389.16796875 -280.9921875 389.16796875 C-281.2190625 387.55921875 -281.4459375 385.95046875 -281.6796875 384.29296875 C-281.87111328 382.93558594 -281.87111328 382.93558594 -282.06640625 381.55078125 C-283.33701598 378.28043553 -284.75648636 378.28694321 -287.9921875 377.16796875 C-290.37890625 375.22265625 -290.37890625 375.22265625 -292.6796875 373.04296875 C-295.39986911 370.07868051 -295.39986911 370.07868051 -298.9921875 369.16796875 C-299.4871875 367.18796875 -299.4871875 367.18796875 -299.9921875 365.16796875 C-301.27281235 363.46046895 -302.5994586 361.78533134 -303.9921875 360.16796875 C-304.9821875 360.49796875 -305.9721875 360.82796875 -306.9921875 361.16796875 C-307.99477463 357.15762021 -308.48768351 353.26706364 -308.9921875 349.16796875 C-309.30541778 347.49740726 -309.62897265 345.8283795 -309.9921875 344.16796875 C-310.9821875 344.16796875 -311.9721875 344.16796875 -312.9921875 344.16796875 C-314.99254659 340.04222813 -315.16729594 336.72078818 -314.9921875 332.16796875 C-314.9921875 331.83796875 -314.9921875 331.50796875 -314.9921875 331.16796875 C-314.9715625 329.88921875 -314.9509375 328.61046875 -314.9296875 327.29296875 C-314.78274059 323.29327759 -314.78274059 323.29327759 -315.9921875 320.16796875 C-316.11513285 316.61684945 -316.17733269 313.09401917 -316.1796875 309.54296875 C-316.19193359 308.56328125 -316.20417969 307.58359375 -316.21679688 306.57421875 C-316.2219282 304.10433905 -316.11615645 301.63474068 -315.9921875 299.16796875 C-315.3321875 298.83796875 -314.6721875 298.50796875 -313.9921875 298.16796875 C-313.9921875 296.51796875 -313.9921875 294.86796875 -313.9921875 293.16796875 C-313.3321875 293.16796875 -312.6721875 293.16796875 -311.9921875 293.16796875 C-311.87875 292.00265625 -311.7653125 290.83734375 -311.6484375 289.63671875 C-309.28015531 273.50984478 -300.16729762 257.6911812 -289.9921875 245.16796875 C-290.6521875 244.83796875 -291.3121875 244.50796875 -291.9921875 244.16796875 C-291.6621875 243.17796875 -291.3321875 242.18796875 -290.9921875 241.16796875 C-291.85638332 238.86250379 -291.85638332 238.86250379 -293.2421875 236.54296875 C-293.68046875 235.74632812 -294.11875 234.9496875 -294.5703125 234.12890625 C-295.91859256 231.8689474 -295.91859256 231.8689474 -298.9921875 231.16796875 C-300.35927611 224.90214597 -300.35927611 224.90214597 -298.9921875 222.16796875 C-299.13651207 220.24756833 -299.33305708 218.33098922 -299.5546875 216.41796875 C-301.4405914 193.53566811 -291.52100692 171.52099772 -276.21484375 154.97265625 C-273.55748927 151.61943917 -272.9921875 149.34858756 -272.9921875 145.16796875 C-273.3221875 145.16796875 -273.6521875 145.16796875 -273.9921875 145.16796875 C-273.9921875 139.88796875 -273.9921875 134.60796875 -273.9921875 129.16796875 C-274.6521875 129.16796875 -275.3121875 129.16796875 -275.9921875 129.16796875 C-275.96898437 127.66363281 -275.94578125 126.15929687 -275.921875 124.609375 C-275.90312256 122.64974452 -275.8849218 120.69010871 -275.8671875 118.73046875 C-275.85042969 117.73724609 -275.83367187 116.74402344 -275.81640625 115.72070312 C-275.79921716 113.20250191 -275.88743811 110.68404912 -275.9921875 108.16796875 C-276.9821875 107.67296875 -276.9821875 107.67296875 -277.9921875 107.16796875 C-277.66046376 93.5215404 -277.0191165 80.11007641 -274.9206543 66.60717773 C-274.34778968 62.78704434 -273.92765015 59.53884897 -274.59375 55.7109375 C-274.79097656 54.45216797 -274.79097656 54.45216797 -274.9921875 53.16796875 C-274.0021875 52.17796875 -273.0121875 51.18796875 -271.9921875 50.16796875 C-271.9921875 49.17796875 -271.9921875 48.18796875 -271.9921875 47.16796875 C-271.3321875 47.16796875 -270.6721875 47.16796875 -269.9921875 47.16796875 C-269.6415625 45.86859375 -269.2909375 44.56921875 -268.9296875 43.23046875 C-265.82001793 34.15822175 -260.44613484 28.33339409 -251.69921875 24.39453125 C-239.90639545 20.4925855 -228.08029809 19.20128959 -215.9921875 22.16796875 C-214.57550781 22.41675781 -213.15882813 22.66554688 -211.69921875 22.921875 C-200.51042683 24.91317636 -189.9034761 27.9084569 -179.13012695 31.52587891 C-178.11394287 31.8666748 -177.09775879 32.2074707 -176.05078125 32.55859375 C-175.14642334 32.86829102 -174.24206543 33.17798828 -173.31030273 33.49707031 C-170.9141058 34.306972 -170.9141058 34.306972 -167.9921875 34.16796875 C-167.0021875 35.15796875 -166.0121875 36.14796875 -164.9921875 37.16796875 C-162.37701579 38.58044117 -159.72615864 39.92760908 -157.0546875 41.23046875 C-155.64316406 41.92269531 -154.23164063 42.61492187 -152.77734375 43.328125 C-151.52824219 43.93527344 -150.27914062 44.54242188 -148.9921875 45.16796875 C-147.6721875 45.82796875 -146.3521875 46.48796875 -144.9921875 47.16796875 C-139.23614731 45.7289587 -135.20248466 42.37826591 -130.9921875 38.16796875 C-128.07295875 36.62490601 -125.15688213 35.1532116 -122.1796875 33.73046875 C-120.90375732 33.11933228 -120.90375732 33.11933228 -119.60205078 32.49584961 C-113.59893562 29.70816362 -107.81652048 27.81694224 -101.265625 26.703125 C-100.51539063 26.52652344 -99.76515625 26.34992188 -98.9921875 26.16796875 C-98.6621875 25.50796875 -98.3321875 24.84796875 -97.9921875 24.16796875 C-96.3421875 24.16796875 -94.6921875 24.16796875 -92.9921875 24.16796875 C-92.6621875 24.82796875 -92.3321875 25.48796875 -91.9921875 26.16796875 C-89.31742378 26.825378 -89.31742378 26.825378 -86.1796875 27.23046875 C-82.70095995 27.74316794 -79.41030536 28.31343928 -75.9921875 29.16796875 C-74.38974802 27.8442144 -72.79938686 26.50393743 -71.26171875 25.10546875 C-55.80197883 11.9074808 -36.82644512 6.07378103 -17.296875 2.078125 C-11.27547376 0.80499751 -6.26598373 0.00651178 0 0 Z M-297.9921875 227.16796875 C-296.9921875 229.16796875 -296.9921875 229.16796875 -296.9921875 229.16796875 Z M-312.9921875 336.16796875 C-311.9921875 340.16796875 -311.9921875 340.16796875 -311.9921875 340.16796875 Z M-311.9921875 340.16796875 C-310.9921875 343.16796875 -310.9921875 343.16796875 -310.9921875 343.16796875 Z M-305.9921875 355.16796875 C-304.9921875 357.16796875 -304.9921875 357.16796875 -304.9921875 357.16796875 Z "
     fill="#FE932D"
     transform="translate(318.9921875,72.83203125)"
     id="path1" />
  <path
     d="M0 0 C0.33 -3.63 0.66 -7.26 1 -11 C3.28374034 -7.5743895 4.87449722 -4.04016428 6.625 -0.3125 C13.04414993 12.57214751 22.01363941 20.26460275 36.0390625 24.26953125 C48.30514183 26.53161886 61.61628307 26.45285352 73 21 C73.83917969 20.60296875 74.67835938 20.2059375 75.54296875 19.796875 C80.10679905 17.44423165 83.61839656 14.83857688 87 11 C87.99 9.989375 88.98 8.97875 90 7.9375 C93.77962504 2.97674213 95.84270987 -2.18677129 98 -8 C127.64443564 -9.35157001 157.95330338 -1.23034212 179 21 C184.26348106 27.21866855 187.25440606 33.03572763 189 41 C188.67 41.99 188.34 42.98 188 44 C186.72125 43.113125 185.4425 42.22625 184.125 41.3125 C179.27547335 38.0666324 174.25987225 35.51881207 169 33 C169.61875 34.299375 170.2375 35.59875 170.875 36.9375 C177.79767558 52.72218226 175.52435205 66.70592174 168.6484375 82.0078125 C157.16439365 104.5268035 135.85888092 121.55291965 112.5 130.3125 C109.29687749 131.85686264 106.88786845 133.49652778 104.0625 135.625 C87.29733738 148.0791208 61.6398674 162 40 162 C40.66 160.68 41.32 159.36 42 158 C42.89060886 155.9650937 43.76459658 153.92286077 44.625 151.875 C45.07101562 150.82054687 45.51703125 149.76609375 45.9765625 148.6796875 C47.11892933 146.16668406 47.11892933 146.16668406 47 144 C46.28457031 144.81082031 45.56914062 145.62164063 44.83203125 146.45703125 C27.03266433 166.23666409 3.77152949 184.09673096 -22 192 C-22.66 191.67 -23.32 191.34 -24 191 C-22.02 185.72 -20.04 180.44 -18 175 C-18.763125 175.94875 -19.52625 176.8975 -20.3125 177.875 C-31.30207954 190.57690937 -53.33067327 210.75271935 -71 211 C-85.91932231 204.971685 -99.45551782 195.06886681 -111 184 C-111.94875 183.0925 -112.8975 182.185 -113.875 181.25 C-116.06383142 178.93241379 -118.05344567 176.52331117 -120 174 C-119.54625 175.505625 -119.0925 177.01125 -118.625 178.5625 C-117.38340057 182.69920332 -116.17460951 186.84368944 -115 191 C-121.95379264 189.09847617 -128.04763251 186.74604186 -134.375 183.3125 C-135.20008057 182.87043213 -136.02516113 182.42836426 -136.87524414 181.97290039 C-143.52609682 178.36024413 -149.85553432 174.42506265 -156 170 C-156.969375 169.31550781 -157.93875 168.63101563 -158.9375 167.92578125 C-168.43942533 161.03441092 -177.87035963 153.3919301 -185 144 C-185 146.61182654 -184.1492629 148.44717904 -183.1875 150.875 C-182.85105469 151.73867188 -182.51460937 152.60234375 -182.16796875 153.4921875 C-180.92482082 156.38656225 -180.92482082 156.38656225 -178 160 C-178 160.66 -178 161.32 -178 162 C-184.78371112 161.47632399 -191.04333476 160.44088385 -197.5625 158.4375 C-198.85232788 158.04377197 -198.85232788 158.04377197 -200.16821289 157.64208984 C-215.85360986 152.6663117 -230.311385 144.90811204 -243.375 134.9375 C-248.67279553 130.98921571 -254.29606656 128.40320204 -260.30078125 125.6953125 C-284.6234542 114.5484909 -304.61925749 92.88011429 -312 67 C-314.4142347 54.89767508 -312.75397387 45.3246449 -308 34 C-312.34870796 35.08717699 -315.38555366 36.80823964 -319.25 39.0625 C-320.51328125 39.79597656 -321.7765625 40.52945313 -323.078125 41.28515625 C-324.04234375 41.85105469 -325.0065625 42.41695313 -326 43 C-325.57463251 29.81360795 -317.71308801 21.31480285 -308 13 C-286.32882559 -2.87733858 -262.15054338 -7.71222673 -236 -9 C-235.67128906 -8.10539062 -235.34257812 -7.21078125 -235.00390625 -6.2890625 C-229.24778174 8.34303719 -221.1346661 16.67786298 -206.75 22.8125 C-191.15198272 27.75187214 -173.97528645 26.0841899 -159.6875 18.3125 C-149.38612297 11.64001715 -144.37428359 2.11304478 -140 -9 C-136.97072227 -7.48536113 -136.92894507 -5.11860131 -136 -2 C-134.71029297 -2.87011719 -134.71029297 -2.87011719 -133.39453125 -3.7578125 C-92.28582782 -30.92452382 -39.21568214 -31.86274174 0 0 Z "
     fill="#FEF2DA"
     transform="translate(400,370)"
     id="path2" />
  <path
     d="M0 0 C1.09748566 -0.0033284 2.19497131 -0.0066568 3.32571411 -0.01008606 C5.65089498 -0.01515602 7.97608314 -0.01749436 10.30126953 -0.01733398 C13.86112461 -0.01951794 17.42066865 -0.0376662 20.98046875 -0.05664062 C23.2369781 -0.05957501 25.49348893 -0.0615595 27.75 -0.0625 C28.81676971 -0.06968552 29.88353943 -0.07687103 30.9826355 -0.08427429 C31.97691559 -0.08119766 32.97119568 -0.07812103 33.99560547 -0.07495117 C34.86893524 -0.07637619 35.74226501 -0.07780121 36.64205933 -0.07926941 C39.0078125 0.16796875 39.0078125 0.16796875 43.0078125 2.16796875 C45.22099503 2.71715066 47.43557176 3.26187162 49.65942383 3.76611328 C60.0462281 6.12200405 69.36284857 9.59987135 79.0078125 14.16796875 C81.33904687 15.17285221 83.67196024 16.17386681 86.0078125 17.16796875 C89.74381035 19.03596768 92.72279562 21.88084376 95.6484375 24.828125 C100.03475645 27.88324715 102.26015797 27.45638024 107.5078125 26.85546875 C130.88165385 24.90764864 148.59682787 33.2726397 166.0078125 48.16796875 C167.42707031 47.4409375 167.42707031 47.4409375 168.875 46.69921875 C200.89867046 30.46889844 239.52265284 13.87629063 276.0078125 24.16796875 C289.08116283 30.6750662 293.8218052 43.9478036 297.1953125 57.16796875 C303.11564297 84.15700564 302.50698108 112.66181757 296.90234375 139.66015625 C296.02236172 144.09465084 295.73785589 146.85011626 297.0078125 151.16796875 C299.2578125 153.91796875 299.2578125 153.91796875 302.0078125 156.16796875 C317.80696516 171.05442135 324.93370912 195.87898343 324.390625 216.96875 C323.52972855 226.41225694 319.97888373 233.83962783 314.984375 241.79296875 C313.53295783 244.4745185 313.53295783 244.4745185 316.0078125 248.16796875 C317.36657941 250.0961774 318.74395757 252.01131773 320.1328125 253.91796875 C338.28475414 280.09528652 343.85213268 309.82697594 335.8984375 340.4375 C331.61860398 354.15242107 324.70409082 368.38239529 312.2578125 376.35546875 C306.82713436 380.30420018 305.99402303 385.51479981 304.30078125 391.7734375 C295.68591487 421.05357249 273.3997078 444.53662207 246.0078125 457.16796875 C238.83988382 460.20482349 232.23247955 462.16382545 224.5078125 463.10546875 C216.10989803 464.6110016 211.81619049 469.58496435 206.328125 475.59375 C186.03031362 497.44374696 153.20265394 507.53160557 124.0078125 507.16796875 C121.583863 506.68215609 119.16638902 506.16251839 116.7578125 505.60546875 C106.65721188 503.96695083 98.54620103 509.47518503 89.78027344 513.84912109 C76.04112742 520.38477333 60.7073772 524.41389217 46.0078125 528.16796875 C45.18265137 528.38114746 44.35749023 528.59432617 43.50732422 528.81396484 C10.63123488 537.00214352 -19.66290987 530.22461812 -51.13183594 520.08105469 C-56.71358617 518.29923957 -62.30660125 516.58936531 -67.9921875 515.16796875 C-68.9821875 514.17796875 -69.9721875 513.18796875 -70.9921875 512.16796875 C-79.0760844 507.55413791 -85.60527562 504.02238889 -94.9921875 506.16796875 C-121.49752022 510.37145764 -152.21538999 500.74520081 -172.9921875 484.16796875 C-173.86359375 483.48476563 -174.735 482.8015625 -175.6328125 482.09765625 C-178.10259848 480.14060361 -180.54969996 478.15890397 -182.9921875 476.16796875 C-184.31089844 475.17216797 -184.31089844 475.17216797 -185.65625 474.15625 C-187.9921875 472.16796875 -187.9921875 472.16796875 -190.0546875 468.54296875 C-194.25416046 463.71804237 -198.76016177 463.37370275 -204.9921875 463.16796875 C-206.3121875 463.49796875 -207.6321875 463.82796875 -208.9921875 464.16796875 C-210.9921875 462.83463542 -212.9921875 461.50130208 -214.9921875 460.16796875 C-217.75777095 458.98891123 -220.52959037 457.82445671 -223.3046875 456.66796875 C-237.59106293 450.51585158 -250.13093181 441.2228507 -259.9921875 429.16796875 C-260.70632813 428.30300781 -261.42046875 427.43804687 -262.15625 426.546875 C-270.40951866 416.09557088 -275.65452469 404.28035744 -280.9921875 392.16796875 C-281.6521875 391.17796875 -282.3121875 390.18796875 -282.9921875 389.16796875 C-282.3321875 389.16796875 -281.6721875 389.16796875 -280.9921875 389.16796875 C-281.2190625 387.55921875 -281.4459375 385.95046875 -281.6796875 384.29296875 C-281.87111328 382.93558594 -281.87111328 382.93558594 -282.06640625 381.55078125 C-283.33701598 378.28043553 -284.75648636 378.28694321 -287.9921875 377.16796875 C-290.37890625 375.22265625 -290.37890625 375.22265625 -292.6796875 373.04296875 C-295.39986911 370.07868051 -295.39986911 370.07868051 -298.9921875 369.16796875 C-299.4871875 367.18796875 -299.4871875 367.18796875 -299.9921875 365.16796875 C-301.27281235 363.46046895 -302.5994586 361.78533134 -303.9921875 360.16796875 C-304.9821875 360.49796875 -305.9721875 360.82796875 -306.9921875 361.16796875 C-307.99477463 357.15762021 -308.48768351 353.26706364 -308.9921875 349.16796875 C-309.30541778 347.49740726 -309.62897265 345.8283795 -309.9921875 344.16796875 C-310.9821875 344.16796875 -311.9721875 344.16796875 -312.9921875 344.16796875 C-314.99254659 340.04222813 -315.16729594 336.72078818 -314.9921875 332.16796875 C-314.9921875 331.83796875 -314.9921875 331.50796875 -314.9921875 331.16796875 C-314.9715625 329.88921875 -314.9509375 328.61046875 -314.9296875 327.29296875 C-314.78274059 323.29327759 -314.78274059 323.29327759 -315.9921875 320.16796875 C-316.11513285 316.61684945 -316.17733269 313.09401917 -316.1796875 309.54296875 C-316.19193359 308.56328125 -316.20417969 307.58359375 -316.21679688 306.57421875 C-316.2219282 304.10433905 -316.11615645 301.63474068 -315.9921875 299.16796875 C-315.3321875 298.83796875 -314.6721875 298.50796875 -313.9921875 298.16796875 C-313.9921875 296.51796875 -313.9921875 294.86796875 -313.9921875 293.16796875 C-313.3321875 293.16796875 -312.6721875 293.16796875 -311.9921875 293.16796875 C-311.87875 292.00265625 -311.7653125 290.83734375 -311.6484375 289.63671875 C-309.28015531 273.50984478 -300.16729762 257.6911812 -289.9921875 245.16796875 C-290.6521875 244.83796875 -291.3121875 244.50796875 -291.9921875 244.16796875 C-291.6621875 243.17796875 -291.3321875 242.18796875 -290.9921875 241.16796875 C-291.85638332 238.86250379 -291.85638332 238.86250379 -293.2421875 236.54296875 C-293.68046875 235.74632812 -294.11875 234.9496875 -294.5703125 234.12890625 C-295.91859256 231.8689474 -295.91859256 231.8689474 -298.9921875 231.16796875 C-300.35927611 224.90214597 -300.35927611 224.90214597 -298.9921875 222.16796875 C-299.13651207 220.24756833 -299.33305708 218.33098922 -299.5546875 216.41796875 C-301.4405914 193.53566811 -291.52100692 171.52099772 -276.21484375 154.97265625 C-273.55748927 151.61943917 -272.9921875 149.34858756 -272.9921875 145.16796875 C-273.3221875 145.16796875 -273.6521875 145.16796875 -273.9921875 145.16796875 C-273.9921875 139.88796875 -273.9921875 134.60796875 -273.9921875 129.16796875 C-274.6521875 129.16796875 -275.3121875 129.16796875 -275.9921875 129.16796875 C-275.96898437 127.66363281 -275.94578125 126.15929687 -275.921875 124.609375 C-275.90312256 122.64974452 -275.8849218 120.69010871 -275.8671875 118.73046875 C-275.85042969 117.73724609 -275.83367187 116.74402344 -275.81640625 115.72070312 C-275.79921716 113.20250191 -275.88743811 110.68404912 -275.9921875 108.16796875 C-276.9821875 107.67296875 -276.9821875 107.67296875 -277.9921875 107.16796875 C-277.66046376 93.5215404 -277.0191165 80.11007641 -274.9206543 66.60717773 C-274.34778968 62.78704434 -273.92765015 59.53884897 -274.59375 55.7109375 C-274.79097656 54.45216797 -274.79097656 54.45216797 -274.9921875 53.16796875 C-274.0021875 52.17796875 -273.0121875 51.18796875 -271.9921875 50.16796875 C-271.9921875 49.17796875 -271.9921875 48.18796875 -271.9921875 47.16796875 C-271.3321875 47.16796875 -270.6721875 47.16796875 -269.9921875 47.16796875 C-269.6415625 45.86859375 -269.2909375 44.56921875 -268.9296875 43.23046875 C-265.82001793 34.15822175 -260.44613484 28.33339409 -251.69921875 24.39453125 C-239.90639545 20.4925855 -228.08029809 19.20128959 -215.9921875 22.16796875 C-214.57550781 22.41675781 -213.15882813 22.66554688 -211.69921875 22.921875 C-200.51042683 24.91317636 -189.9034761 27.9084569 -179.13012695 31.52587891 C-178.11394287 31.8666748 -177.09775879 32.2074707 -176.05078125 32.55859375 C-175.14642334 32.86829102 -174.24206543 33.17798828 -173.31030273 33.49707031 C-170.9141058 34.306972 -170.9141058 34.306972 -167.9921875 34.16796875 C-167.0021875 35.15796875 -166.0121875 36.14796875 -164.9921875 37.16796875 C-162.37701579 38.58044117 -159.72615864 39.92760908 -157.0546875 41.23046875 C-155.64316406 41.92269531 -154.23164063 42.61492187 -152.77734375 43.328125 C-151.52824219 43.93527344 -150.27914062 44.54242188 -148.9921875 45.16796875 C-147.6721875 45.82796875 -146.3521875 46.48796875 -144.9921875 47.16796875 C-139.23614731 45.7289587 -135.20248466 42.37826591 -130.9921875 38.16796875 C-128.07295875 36.62490601 -125.15688213 35.1532116 -122.1796875 33.73046875 C-120.90375732 33.11933228 -120.90375732 33.11933228 -119.60205078 32.49584961 C-113.59893562 29.70816362 -107.81652048 27.81694224 -101.265625 26.703125 C-100.51539063 26.52652344 -99.76515625 26.34992188 -98.9921875 26.16796875 C-98.6621875 25.50796875 -98.3321875 24.84796875 -97.9921875 24.16796875 C-96.3421875 24.16796875 -94.6921875 24.16796875 -92.9921875 24.16796875 C-92.6621875 24.82796875 -92.3321875 25.48796875 -91.9921875 26.16796875 C-89.31742378 26.825378 -89.31742378 26.825378 -86.1796875 27.23046875 C-82.70095995 27.74316794 -79.41030536 28.31343928 -75.9921875 29.16796875 C-74.38974802 27.8442144 -72.79938686 26.50393743 -71.26171875 25.10546875 C-55.80197883 11.9074808 -36.82644512 6.07378103 -17.296875 2.078125 C-11.27547376 0.80499751 -6.26598373 0.00651178 0 0 Z M-73.01171875 46.51171875 C-81.54763871 57.9602899 -82.919908 71.96757344 -80.30859375 85.78515625 C-75.91893798 100.97591522 -67.81101372 113.19896513 -53.9921875 121.16796875 C-50.12063229 122.62634643 -50.12063229 122.62634643 -46.9921875 123.16796875 C-47.4871875 121.66234375 -47.9821875 120.15671875 -48.4921875 118.60546875 C-52.79711994 102.55981149 -49.19144242 86.79649456 -39.9921875 73.16796875 C-37.13455064 69.68829309 -34.13680661 66.38945632 -30.9921875 63.16796875 C-31.92333263 66.89254925 -33.27881585 70.02155309 -34.95703125 73.4609375 C-41.10589064 89.54078488 -39.4713185 108.60234974 -31.8671875 123.79296875 C-23.93375129 137.68478069 -11.56691682 148.68727207 4.0078125 153.16796875 C9.55489857 153.70455873 11.9190025 152.2887932 15.98828125 148.40625 C25.17503702 138.22441043 30.20088159 124.86321507 30.0703125 111.16796875 C30.05677734 109.34265625 30.05677734 109.34265625 30.04296875 107.48046875 C30.03136719 106.38734375 30.01976562 105.29421875 30.0078125 104.16796875 C30.0078125 102.84796875 30.0078125 101.52796875 30.0078125 100.16796875 C36.87688833 113.9604214 39.79693217 126.82781056 37.0078125 142.16796875 C47.63358689 139.59721688 54.59276499 133.59621961 59.5703125 123.85546875 C66.0464707 109.82073498 64.18216311 93.91349026 58.0078125 80.16796875 C57.6778125 79.17796875 57.3478125 78.18796875 57.0078125 77.16796875 C68.69810223 91.76172914 75.05167858 105.06427184 71.4296875 124.2265625 C67.57240149 135.1847614 59.0131556 142.00986882 48.78515625 146.78515625 C43.6625716 148.66043543 38.51626402 149.46675598 33.15234375 150.3671875 C28.84335572 151.46450743 27.46258898 153.55800334 25.0078125 157.16796875 C17.02402515 162.81803364 10.4393756 163.47539509 0.9140625 161.5390625 C-15.18771051 157.09513257 -29.43575643 149.1235887 -39.9921875 136.16796875 C-43.70620044 131.73178663 -47.0962919 130.21188403 -52.375 128.25390625 C-70.77889781 120.61766209 -81.17666097 103.57118425 -87.6328125 85.6015625 C-89.44716075 79.3583978 -89.4695293 73.2545848 -89.4296875 66.79296875 C-89.44966797 65.65085938 -89.46964844 64.50875 -89.49023438 63.33203125 C-89.48565563 55.27343693 -87.98507522 48.63956292 -84.9921875 41.16796875 C-101.9222041 39.12387602 -114.14646419 43.3851708 -127.9921875 53.16796875 C-128.9821875 54.15796875 -129.9721875 55.14796875 -130.9921875 56.16796875 C-129.73725797 59.93275734 -128.16121231 60.86177542 -125.0546875 63.29296875 C-116.35645421 70.26509349 -108.46425195 77.02266028 -101.9921875 86.16796875 C-101.9921875 86.82796875 -101.9921875 87.48796875 -101.9921875 88.16796875 C-111.54317011 89.01425835 -115.05625133 87.46660604 -121.9921875 81.16796875 C-148.30875997 59.17064616 -177.41521545 44.30196984 -210.9921875 37.16796875 C-211.78665283 36.98766113 -212.58111816 36.80735352 -213.3996582 36.62158203 C-218.50401672 35.72847551 -223.69874305 35.9408127 -228.8671875 35.91796875 C-230.02605469 35.89734375 -231.18492187 35.87671875 -232.37890625 35.85546875 C-239.9812937 35.82071498 -245.74240129 36.22768598 -251.6171875 41.54296875 C-261.22803521 56.21215736 -262.49987037 74.09182147 -262.32836914 91.15869141 C-262.30470591 93.6660178 -262.30784824 96.17227675 -262.31445312 98.6796875 C-262.1667766 132.75268889 -255.02234152 172.13781473 -229.9921875 197.16796875 C-229.0021875 197.16796875 -228.0121875 197.16796875 -226.9921875 197.16796875 C-225.31503825 194.44335806 -223.82582809 191.75689203 -222.3671875 188.91796875 C-215.50830158 176.09292083 -206.86248356 165.40896716 -196.8359375 154.91015625 C-195.1307229 153.07637388 -193.54822172 151.12992494 -191.9921875 149.16796875 C-192.3221875 147.84796875 -192.6521875 146.52796875 -192.9921875 145.16796875 C-195.703394 144.05235742 -195.703394 144.05235742 -198.9296875 143.48046875 C-204.92565943 142.20123278 -204.92565943 142.20123278 -206.9921875 141.16796875 C-205.72761719 140.66136719 -205.72761719 140.66136719 -204.4375 140.14453125 C-203.34179688 139.69851562 -202.24609375 139.2525 -201.1171875 138.79296875 C-200.02664062 138.35210937 -198.93609375 137.91125 -197.8125 137.45703125 C-194.92889388 136.33745537 -194.92889388 136.33745537 -192.9921875 134.16796875 C-191.73965462 126.02650501 -195.60831387 119.3385581 -198.9921875 112.16796875 C-177.67206555 133.24113948 -177.67206555 133.24113948 -173.9921875 140.16796875 C-174.9203125 141.03421875 -175.8484375 141.90046875 -176.8046875 142.79296875 C-199.41884561 165.49831298 -213.65815216 195.26631035 -223.9921875 225.16796875 C-224.81860452 227.52618395 -225.64543998 229.88425254 -226.47265625 232.2421875 C-229.36811566 240.53171748 -232.23709458 248.83056714 -234.9921875 257.16796875 C-235.6521875 257.16796875 -236.3121875 257.16796875 -236.9921875 257.16796875 C-237.34270732 243.04331839 -237.09229112 229.75888067 -233.08203125 216.05859375 C-232.67813999 212.9896624 -232.67813999 212.9896624 -235.0546875 210.52734375 C-236.0240625 209.66625 -236.9934375 208.80515625 -237.9921875 207.91796875 C-250.4750534 196.18058531 -257.76981766 180.95016134 -263.9921875 165.16796875 C-272.2666187 167.92611248 -277.50227832 181.3997352 -280.7734375 188.99609375 C-286.33591375 203.47279475 -287.3131562 218.70796008 -280.9921875 233.16796875 C-279.5071875 235.14796875 -279.5071875 235.14796875 -277.9921875 237.16796875 C-274.41791965 236.06819403 -271.18993722 234.78480444 -267.8046875 233.16796875 C-262.65736052 230.81390112 -257.5709303 230.01537272 -251.9921875 229.16796875 C-252.77980469 229.79960937 -253.56742188 230.43125 -254.37890625 231.08203125 C-279.8166183 251.97406932 -299.82385581 279.5462973 -300.2421875 313.60546875 C-300.09912558 330.82058612 -295.82834183 347.48154634 -284.9921875 361.16796875 C-284.0021875 361.49796875 -283.0121875 361.82796875 -281.9921875 362.16796875 C-281.82203125 361.04519531 -281.651875 359.92242187 -281.4765625 358.765625 C-279.47956359 346.43309449 -276.20141965 330.64079018 -264.9921875 323.16796875 C-265.25773437 323.87179687 -265.52328125 324.575625 -265.796875 325.30078125 C-275.17172383 351.50930025 -272.03950863 380.74655214 -258.8515625 405.125 C-254.27960901 412.5024704 -249.02194751 418.94696635 -242.9921875 425.16796875 C-241.9609375 426.32296875 -240.9296875 427.47796875 -239.8671875 428.66796875 C-229.45415058 438.84051982 -213.85427387 448.5734853 -198.9921875 449.16796875 C-199.23775391 447.92660156 -199.23775391 447.92660156 -199.48828125 446.66015625 C-200.04211788 442.82193961 -200.08869079 439.16934352 -200.0546875 435.29296875 C-200.04566406 433.95492188 -200.03664063 432.616875 -200.02734375 431.23828125 C-200.01574219 430.22507812 -200.00414062 429.211875 -199.9921875 428.16796875 C-196.13993711 433.00797565 -192.94229878 437.92132627 -189.8671875 443.29296875 C-174.11517639 469.81017337 -148.74029779 487.21523613 -118.43359375 492.7109375 C-113.87923603 493.31577275 -109.57835672 493.3796381 -104.9921875 493.16796875 C-106.2915625 491.71390625 -106.2915625 491.71390625 -107.6171875 490.23046875 C-111.15326997 486.12187768 -114.0522893 481.7178112 -116.9921875 477.16796875 C-116.01378906 477.6990625 -115.03539062 478.23015625 -114.02734375 478.77734375 C-97.07122901 488.43002208 -97.07122901 488.43002208 -78.3046875 492.35546875 C-71.69041391 492.77250996 -67.36783746 495.50687649 -61.796875 498.9140625 C-48.05495343 507.0548107 -33.42330593 511.51286857 -17.9921875 515.16796875 C-17.1170752 515.37969727 -16.24196289 515.59142578 -15.34033203 515.80957031 C19.07509202 523.98428613 63.54657546 515.17836171 92.671875 494.19921875 C96.08944723 492.69045777 99.29693333 493.14032719 103.0078125 493.16796875 C116.24454291 490.27591 128.5228289 484.2390294 140.0078125 477.16796875 C136.71640193 482.8911775 133.43146841 488.22388273 129.0078125 493.16796875 C154.96958566 494.8163353 179.93278057 480.71230026 198.0078125 463.16796875 C198.76449219 462.48476563 199.52117187 461.8015625 200.30078125 461.09765625 C206.88928755 454.95140769 211.33628004 447.82078829 216.0078125 440.16796875 C217.337773 438.10329224 218.67078803 436.04057788 220.0078125 433.98046875 C221.74200319 431.30291045 222.99624281 429.20267781 224.0078125 426.16796875 C224.6678125 426.16796875 225.3278125 426.16796875 226.0078125 426.16796875 C225.55998557 434.34670268 224.82436849 442.17512239 223.0078125 450.16796875 C251.9822528 441.47162913 273.74911189 423.87299661 286.859375 396.26953125 C294.56379205 377.86242648 296.54416659 359.38210886 293.6328125 339.73046875 C293.50680664 338.87799561 293.38080078 338.02552246 293.25097656 337.1472168 C292.53953368 332.6501349 291.60352286 328.43475949 290.0078125 324.16796875 C300.62295037 335.20771214 304.75116263 347.08817033 306.0078125 362.16796875 C316.99198263 355.06056455 321.85845403 338.69407324 323.72265625 326.38671875 C327.04193808 288.91975668 310.74933521 262.83926319 285.12109375 237.1484375 C282.18580297 234.33836615 279.16271035 231.7268889 276.0078125 229.16796875 C283.19074428 229.80645157 290.52757238 231.88636118 296.59375 235.86328125 C299.16866566 237.60561802 299.16866566 237.60561802 303.0078125 236.16796875 C304.54150275 234.2406749 304.54150275 234.2406749 305.6953125 231.85546875 C306.11167969 231.07558594 306.52804687 230.29570312 306.95703125 229.4921875 C313.46789259 215.09083992 308.53094366 196.05224586 302.36328125 182.57421875 C298.99040051 175.93504944 295.16131044 170.53181355 290.0078125 165.16796875 C287.06269292 169.09479486 285.36385291 172.63386107 283.3828125 177.10546875 C278.03160476 188.79810771 270.34169986 203.33431408 258.8828125 209.98046875 C256.3564555 212.92788525 256.97833765 214.09524452 257.5703125 217.85546875 C258.31749921 221.35935675 259.17745128 224.81222868 260.08984375 228.27734375 C261.19740733 234.17806547 261.22658938 239.74678266 261.1328125 245.73046875 C261.11927734 247.3865918 261.11927734 247.3865918 261.10546875 249.07617188 C261.08211498 251.77353282 261.04625224 254.47078061 261.0078125 257.16796875 C260.3478125 257.16796875 259.6878125 257.16796875 259.0078125 257.16796875 C258.73324219 256.32363281 258.45867188 255.47929687 258.17578125 254.609375 C256.97487275 251.07091217 255.65922042 247.59396581 254.3203125 244.10546875 C252.59984818 239.56707366 250.9380396 235.03128091 249.48046875 230.40234375 C239.48510029 198.67141095 224.65193339 170.10474998 202.44921875 145.234375 C200.0078125 142.16796875 200.0078125 142.16796875 199.0078125 138.16796875 C200.88356697 135.60463869 202.74019776 133.36430451 204.8828125 131.04296875 C205.47908447 130.37789307 206.07535645 129.71281738 206.68969727 129.02758789 C207.89306725 127.68786513 209.10177261 126.35291442 210.31591797 125.02294922 C212.5507948 122.57264703 214.74413875 120.08603676 216.9453125 117.60546875 C220.19662048 114.01223355 223.53729546 110.54949817 227.0078125 107.16796875 C226.4715625 108.05484375 225.9353125 108.94171875 225.3828125 109.85546875 C218.20644405 121.80353724 218.20644405 121.80353724 217.0078125 135.16796875 C221.42929645 138.48408171 224.65071355 139.14381748 230.0078125 140.16796875 C230.0078125 140.82796875 230.0078125 141.48796875 230.0078125 142.16796875 C225.3878125 143.15796875 220.7678125 144.14796875 216.0078125 145.16796875 C217.10216754 150.63974396 217.96723152 151.55941005 221.7578125 155.35546875 C233.82864521 168.14648084 242.88031417 182.64683198 251.0078125 198.16796875 C269.21221973 189.06576514 276.23309111 161.57839769 280.98046875 143.5 C287.47642836 116.108292 290.16325375 84.46864258 282.0078125 57.16796875 C281.64558594 55.90339844 281.28335938 54.63882813 280.91015625 53.3359375 C278.28609669 45.41038811 274.70878682 40.01845591 267.0078125 36.16796875 C251.34632843 35.0642969 236.06554591 35.59638662 221.0078125 40.16796875 C220.19860352 40.40402832 219.38939453 40.64008789 218.55566406 40.88330078 C193.16734638 48.36094619 168.85600581 60.47925888 149.0078125 78.16796875 C148.06808594 78.99941406 147.12835938 79.83085937 146.16015625 80.6875 C142.01311918 84.35170299 142.01311918 84.35170299 138.0078125 88.16796875 C135.98817051 88.24040928 133.96614126 88.25174063 131.9453125 88.23046875 C130.84058594 88.22144531 129.73585938 88.21242188 128.59765625 88.203125 C127.74300781 88.19152344 126.88835937 88.17992187 126.0078125 88.16796875 C129.40407456 77.33988619 141.31653059 68.74555707 149.51171875 61.41015625 C151.395161 59.71830046 153.21759873 57.95818252 155.0078125 56.16796875 C140.01879304 43.60470847 126.19074101 40.63620379 107.0078125 41.16796875 C107.53049716 43.93073052 108.11650837 46.49405635 109.0078125 49.16796875 C109.07718312 51.39615316 109.09238334 53.62631399 109.0703125 55.85546875 C109.06128906 57.03496094 109.05226563 58.21445313 109.04296875 59.4296875 C109.02556641 60.78513672 109.02556641 60.78513672 109.0078125 62.16796875 C108.18990234 60.82605469 108.18990234 60.82605469 107.35546875 59.45703125 C91.09784066 33.38924466 66.81548405 19.74167553 36.5078125 15.29296875 C-2.57163162 10.29027147 -45.71927921 15.20994739 -73.01171875 46.51171875 Z M-297.9921875 227.16796875 C-296.9921875 229.16796875 -296.9921875 229.16796875 -296.9921875 229.16796875 Z M-312.9921875 336.16796875 C-311.9921875 340.16796875 -311.9921875 340.16796875 -311.9921875 340.16796875 Z M-311.9921875 340.16796875 C-310.9921875 343.16796875 -310.9921875 343.16796875 -310.9921875 343.16796875 Z M-305.9921875 355.16796875 C-304.9921875 357.16796875 -304.9921875 357.16796875 -304.9921875 357.16796875 Z "
     fill="#451A18"
     transform="translate(318.9921875,72.83203125)"
     id="path3" />
  <path
     d="M0 0 C0.66 0.33 1.32 0.66 2 1 C1.38125 2.175625 0.7625 3.35125 0.125 4.5625 C-5.70019103 16.7268695 -5.03471674 28.33692797 -1 41 C-0.73316406 41.84175781 -0.46632813 42.68351562 -0.19140625 43.55078125 C4.25697276 55.94693076 12.87989668 65.75162519 22 75 C22.80308594 75.81597656 23.60617188 76.63195312 24.43359375 77.47265625 C32.59731734 85.28784648 42.19524141 90.39412446 52.5 94.875 C57.34827068 97.03888438 61.41781358 99.59564018 65.6875 102.75 C84.9044674 116.9278515 106.5690594 125.62434242 130 130 C129.60167969 129.3709375 129.20335937 128.741875 128.79296875 128.09375 C125.56955872 122.88609973 122.7638891 117.91421639 121 112 C121.33 111.01 121.66 110.02 122 109 C122.845625 110.175625 123.69125 111.35125 124.5625 112.5625 C140.61118844 133.76307688 168.06147889 150.24406501 193 159 C192.33291016 157.42798828 192.33291016 157.42798828 191.65234375 155.82421875 C191.08644531 154.45910156 190.52054688 153.09398437 189.9375 151.6875 C189.08478516 149.65142578 189.08478516 149.65142578 188.21484375 147.57421875 C187 144 187 144 188 141 C189.17260611 142.28627711 190.3379283 143.57919783 191.5 144.875 C192.1496875 145.59429688 192.799375 146.31359375 193.46875 147.0546875 C195 149 195 149 195 151 C196.32 151.66 197.64 152.32 199 153 C200.175625 154.11375 201.35125 155.2275 202.5625 156.375 C207.17456538 160.56569728 212.18390212 163.87207798 217.4375 167.1875 C218.22390869 167.68620605 219.01031738 168.18491211 219.82055664 168.69873047 C229.3450492 175.1992992 229.3450492 175.1992992 240.125 178.05859375 C259.17940273 171.0426384 278.42632302 157.75137458 290 141 C291.74417594 144.48835189 289.40887182 147.66290102 288.0625 151.125 C287.49660156 152.59195313 286.93070312 154.05890625 286.34765625 155.5703125 C285.90292969 156.70210937 285.45820313 157.83390625 285 159 C310.76552577 150.74232764 334.17122523 134.66145688 351.9765625 114.3125 C353.5814412 112.47835291 355.2766702 110.7233298 357 109 C355.2753198 116.95773497 352.53173728 123.23905863 348 130 C372.25727377 124.63243304 393.79078633 115.8758105 413.94165039 101.14819336 C418.59052773 97.81309441 422.77379713 95.68646507 428.19921875 94.0234375 C439.89979862 89.7479118 449.2798146 81.62755824 458 73 C459.216875 71.88625 460.43375 70.7725 461.6875 69.625 C469.1607073 61.44677314 475.04253716 52.35148124 479 42 C479.31839844 41.19175781 479.63679688 40.38351562 479.96484375 39.55078125 C484.52476191 26.50143019 481.55580731 13.61608179 477 1 C484.47221816 2.49444363 492.70298543 6.55447814 497 13 C494.03 12.01 491.06 11.02 488 10 C488.2165625 10.69222656 488.433125 11.38445312 488.65625 12.09765625 C494.76247335 33.55424663 489.14613122 55.34456117 477.30078125 73.79296875 C470.9551099 82.63812356 461.98324393 94.25418902 451 97 C450.34 98.32 449.68 99.64 449 101 C442.36834544 112.83691792 435.73547634 123.41664048 426 133 C425.360625 133.70898438 424.72125 134.41796875 424.0625 135.1484375 C407.62754514 153.07103914 380.20071544 164.69144901 356 164 C356.886875 163.030625 357.77375 162.06125 358.6875 161.0625 C362.16903616 157.02689514 364.53421973 152.71399169 367 148 C366.16339844 148.50789062 365.32679688 149.01578125 364.46484375 149.5390625 C339.02647059 164.58235294 339.02647059 164.58235294 326.125 163.75 C321.20031423 164.0484658 319.10661176 165.54448407 315.05078125 168.16015625 C275.82792641 191.81440033 229.95045505 194.59231707 187.390625 180.03125 C177.25522135 176.34834875 166.59674636 171.90766842 157.73828125 165.72265625 C154.70343042 163.8134277 153.21794789 163.59434488 149.6875 163.625 C136.88753955 162.91124756 125.35053198 157.08543645 114.5625 150.5390625 C112.35531747 148.91418666 112.35531747 148.91418666 111 149 C114.4322771 154.26814624 117.85991163 159.25107511 122 164 C93.8843739 165.29764428 68.49576549 150.83290523 49.32421875 131.26953125 C43.23010927 124.378425 38.60176402 116.70542927 34.02099609 108.765625 C31.90196888 105.09520525 30.01317201 102.01317201 27 99 C26.67 101.97 26.34 104.94 26 108 C25.67 108 25.34 108 25 108 C25 104.04 25 100.08 25 96 C23.35 95.34 21.7 94.68 20 94 C1.77170033 80.61215638 -8.9566204 59.10756876 -12 37 C-12.66868625 26.49391034 -11.32439601 16.97318804 -8 7 C-10.97 8.65 -13.94 10.3 -17 12 C-15.51960117 7.55880351 -11.96458769 6.38822264 -8.0625 4.25 C-7.32064453 3.82589844 -6.57878906 3.40179688 -5.81445312 2.96484375 C-3.91355276 1.90668162 -1.95950043 0.9452446 0 0 Z "
     fill="#C0490D"
     transform="translate(92,402)"
     id="path4" />
  <path
     d="M0 0 C4.56995029 5.07772254 6.57442344 9.10691869 6 16 C2.86072601 26.73962156 -3.48503331 31.81871785 -13 37 C-17.49830179 38.66872486 -20.14408599 39 -25 39 C-19.19697458 50.60605084 -11.1289983 56.46775043 1.484375 59.62109375 C14.75448055 61.61985188 27.26419049 59.19359908 38 51 C40.55924673 48.45521229 42.73123774 45.82437751 45 43 C45.99 42.01 46.98 41.02 48 40 C51.98368169 45.31157559 52.48355428 48.42366177 52 55 C49.09589633 61.66868251 49.09589633 61.66868251 45.3125 62.8125 C44.1678125 63.4003125 44.1678125 63.4003125 43 64 C42.720394 66.23684799 42.47184075 68.48008096 42.33984375 70.73046875 C40.45603718 88.85398711 31.69156454 109.79041242 19 123 C18.38898438 123.69867188 17.77796875 124.39734375 17.1484375 125.1171875 C4.12307444 139.32180154 -14.54167171 143.44136454 -33.1640625 143.203125 C-52.26567494 142.19163432 -69.14213466 135.14422738 -81.32421875 120.13671875 C-92.13814835 105.39378927 -99.43429675 87.87999635 -101.9375 69.75 C-103.17286745 64.22718081 -104.52486191 63.19652721 -109 60 C-111.88797296 55.57177479 -112.63370621 52.25070862 -112 47 C-110 42.5625 -110 42.5625 -108 39 C-105 42 -105 42 -103.25 44.8125 C-97.36079352 53.15554251 -88.09256873 58.49685147 -78 60 C-65.09474623 60.99396525 -51.88189796 59.03781918 -42 50 C-39.3155081 46.59921339 -37.37667784 43.13003353 -36 39 C-37.11375 38.938125 -38.2275 38.87625 -39.375 38.8125 C-49.26261465 37.07548662 -57.81890383 31.85535732 -63.375 23.375 C-65.89647422 18.13809201 -66.43660651 13.76320595 -66 8 C-61.90811543 -0.52475953 -53.86265885 -4.86660303 -45.09375 -7.3046875 C-30.11526611 -9.84874297 -12.29392966 -10.14249197 0 0 Z "
     fill="#351614"
     transform="translate(361,364)"
     id="path5" />
  <path
     d="M0 0 C2.21312468 1.66897356 4.27066112 3.40390009 6.3046875 5.28515625 C7.1915625 6.08953125 8.0784375 6.89390625 8.9921875 7.72265625 C21.31285612 21.37528905 26.18879899 36.34929064 23.875 54.69140625 C21.28419585 68.12520554 13.45090963 79.07512164 1.5 85.8828125 C-6.91822183 89.88205085 -14.7798833 91.56549827 -24.1328125 91.53515625 C-25.71964844 91.5403125 -27.30648437 91.54546875 -28.94140625 91.55078125 C-43.19007652 90.75463533 -56.97402155 84.8717584 -65.6953125 73.28515625 C-73.77335562 59.9031712 -76.44257079 45.5464702 -72.0078125 30.28515625 C-65.81505132 12.97552865 -53.77774545 1.01459953 -36.6953125 -5.71484375 C-24.06022766 -8.87361496 -11.00144733 -6.99947156 0 0 Z "
     fill="#301213"
     transform="translate(236.6953125,304.71484375)"
     id="path6" />
  <path
     d="M0 0 C13.96631574 12.51149118 18.76373248 28.54063924 18.37109375 46.74609375 C17.76531195 58.81645772 12.08487216 68.99900753 2.90625 76.7734375 C-11.26449725 86.88806506 -28.0147629 89.14696151 -44.921875 86.3515625 C-52.29030567 84.28910703 -58.12642207 80.85299169 -64 76 C-65.19625 75.030625 -66.3925 74.06125 -67.625 73.0625 C-79.21263189 60.47927205 -81.06441688 46.32627471 -79 30 C-76.01692942 15.50308688 -66.77622058 2.79857733 -54.04296875 -4.75390625 C-35.6472287 -14.35671395 -16.44706381 -13.01223493 0 0 Z "
     fill="#311313"
     transform="translate(481,309)"
     id="path7" />
  <path
     d="M0 0 C12.15838091 13.57214613 8.77952962 40.55743093 6.45605469 57.20141602 C2.60517976 82.16139487 -4.20888416 102.42225384 -20.3125 122 C-24.08969 118.4296879 -27.01730046 114.72990033 -29.9375 110.4375 C-34.2466601 104.26579631 -38.96947846 98.87036803 -44.2578125 93.5234375 C-46.3125 91 -46.3125 91 -46.3125 87 C-41.6925 86.01 -37.0725 85.02 -32.3125 84 C-32.3125 83.34 -32.3125 82.68 -32.3125 82 C-33.715 81.731875 -35.1175 81.46375 -36.5625 81.1875 C-41.3125 80 -41.3125 80 -45.3125 77 C-46.10339794 70.70632912 -44.56442367 66.36487176 -41.9375 60.6875 C-41.31101562 59.30949219 -40.68453125 57.93148437 -40.0390625 56.51171875 C-38.3125 53 -38.3125 53 -36.3125 50 C-43.03929368 56.52191672 -49.43101178 63.1055513 -55.265625 70.44140625 C-58.16587833 74.06672291 -61.23254996 77.52686485 -64.3125 81 C-67.78165503 79.26542249 -70.12221533 77.63617656 -73.0625 75.1875 C-77.30734559 71.72990322 -81.60588058 68.7891078 -86.3125 66 C-79.78672486 46.70795437 -56.18899564 27.03294236 -40.3125 15 C-39.20003906 14.15566406 -38.08757813 13.31132812 -36.94140625 12.44140625 C-11.0292951 -6.65919704 -11.0292951 -6.65919704 0 0 Z "
     fill="#FEF2DA"
     transform="translate(581.3125,131)"
     id="path8" />
  <path
     d="M0 0 C28.61032972 2.56211908 58.78378511 35.95118271 75.1875 57.375 C75.826875 58.13554687 76.46625 58.89609375 77.125 59.6796875 C78.875 61.8125 78.875 61.8125 81.1875 65.375 C79.03123302 69.68753396 78.06180015 70.35364657 74.0625 72.6875 C68.90937769 75.82418314 64.6124939 79.28396791 60.1875 83.375 C55.24118523 78.50463632 50.53139004 73.42533223 45.80273438 68.34570312 C42.00436703 64.27740104 38.14844869 60.28697251 34.1875 56.375 C34.620625 57.2928125 35.05375 58.210625 35.5 59.15625 C41.63702545 72.68043572 41.63702545 72.68043572 40.1875 78.375 C35.84585081 81.81837694 31.5172149 83.9093284 26.1875 85.375 C27.734375 85.82875 29.28125 86.2825 30.875 86.75 C34.39181799 87.8025512 37.81469712 88.91345208 41.1875 90.375 C39.9484009 95.33139638 37.93840809 96.98973196 34.375 100.625 C27.25480664 108.0314373 21.18723113 116.05104871 15.1875 124.375 C-8.16292932 102.29673818 -12.18678029 65.87190812 -12.125 35.5625 C-12.14111328 33.96212891 -12.15722656 32.36175781 -12.17382812 30.71289062 C-12.18221703 10.3865679 -12.18221703 10.3865679 -6.1875 3.25 C-5.40375 2.63125 -4.62 2.0125 -3.8125 1.375 C-2.8125 0.375 -2.8125 0.375 0 0 Z "
     fill="#FEF2DB"
     transform="translate(85.8125,128.625)"
     id="path9" />
  <path
     d="M0 0 C4.68990717 3.35096286 9.23499481 6.87480094 13.74462891 10.46484375 C14.69853516 11.13902344 15.65244141 11.81320312 16.63525391 12.5078125 C19.18809936 14.87628578 19.62532744 16.01028815 19.74462891 19.46484375 C16.94159234 32.95808184 9.67308007 45.98308059 -2.22021484 53.28515625 C-16.39903643 60.68746664 -29.41655952 61.48612031 -44.25537109 55.46484375 C-58.97514334 48.33109938 -67.7133668 35.98000887 -72.25537109 20.46484375 C-72.25537109 15.46484375 -72.25537109 15.46484375 -69.25537109 12.27734375 C-58.41185824 3.48013755 -45.72120326 -3.34019946 -33.25537109 -9.53515625 C-32.47548828 -9.95796875 -31.69560547 -10.38078125 -30.89208984 -10.81640625 C-19.94020742 -13.80180827 -8.72682702 -5.94006152 0 0 Z "
     fill="#FD695D"
     transform="translate(357.25537109375,441.53515625)"
     id="path10" />
  <path
     d="M0 0 C1 2 1 2 -0.14453125 4.72265625 C-1.24766442 6.93150603 -2.35181462 9.13984821 -3.45703125 11.34765625 C-10.28138365 27.50150307 -8.60754053 47.17785987 -0.875 62.625 C6.97399945 76.38131769 18.6807453 86.45863624 34 91 C39.5811071 91.55390385 41.95584968 90.07552512 46.046875 86.171875 C57.67173842 73.24502687 60.41353137 55.36839951 58.5 38.625 C58.335 37.75875 58.17 36.8925 58 36 C66.79349548 44.79349548 69.53893654 59.24312077 69.23828125 71.28515625 C68.93886329 74.69655759 68.16897265 77.78532523 67 81 C79.21067504 75.81046311 86.33442459 69.50374209 91 57 C94.23554928 44.05780287 92.4344047 31.00509402 87 19 C86.32710896 17.33583659 85.65817368 15.67003881 85 14 C97.65693596 25.88984893 103.43124164 38.12431353 103.265625 55.47265625 C102.59211936 66.95196555 96.65687566 75.04386217 87.5078125 81.85546875 C80.52887629 86.25806869 73.41657778 88.68645246 65.25 89.8125 C59.85244232 90.709601 58.28774706 92.58749737 55 97 C47.01621265 102.65006489 40.4315631 103.30742634 30.90625 101.37109375 C12.83585242 96.38384293 -1.19284638 87.17439759 -12.8125 72.75 C-15.73082701 70.41533839 -18.8747534 69.43246132 -22.3515625 68.1171875 C-39.35812828 60.94332642 -50.32961897 45.59309071 -57 29 C-57.35320312 28.12214844 -57.70640625 27.24429688 -58.0703125 26.33984375 C-60.36260575 19.82436158 -59.94398286 14.69369667 -59 8 C-58.67 8.99 -58.34 9.98 -58 11 C-56.68 11 -55.36 11 -54 11 C-53.67 10.34 -53.34 9.68 -53 9 C-52.87882813 9.81984375 -52.75765625 10.6396875 -52.6328125 11.484375 C-52.46523437 12.56203125 -52.29765625 13.6396875 -52.125 14.75 C-51.96257812 15.81734375 -51.80015625 16.8846875 -51.6328125 17.984375 C-51.07659208 21.27013409 -51.07659208 21.27013409 -49 25 C-48.23809953 27.03725562 -47.48935398 29.07945399 -46.75 31.125 C-41.07641868 45.85322128 -33.46646924 54.47990119 -19 61 C-18.90021998 58.7612685 -18.90021998 58.7612685 -20 55.8125 C-23.27088231 40.07137889 -19.9493028 25.27708381 -11 12 C-7.55136971 7.77789951 -3.85245394 3.85245394 0 0 Z "
     fill="#832305"
     transform="translate(289,134)"
     id="path11" />
  <path
     d="M0 0 C7.20197767 6.74769908 9.53542288 12.75989027 9.1953125 22.56640625 C7.95297782 31.27364671 1.48302253 36.74199008 -5.62890625 41.16796875 C-16.33067225 46.60257823 -31.27151632 46.84776539 -42.5625 43 C-45.02734375 41.890625 -45.02734375 41.890625 -47.25 40.6875 C-47.99378906 40.29046875 -48.73757812 39.8934375 -49.50390625 39.484375 C-56.63065154 35.33695049 -62.59800898 29.64347307 -65.25 21.6875 C-66.0045361 12.64543626 -65.72882439 5.55150329 -59.296875 -1.43359375 C-41.79383436 -18.11044192 -17.43507221 -14.76643871 0 0 Z "
     fill="#FE9484"
     transform="translate(184.25,392.3125)"
     id="path12" />
  <path
     d="M0 0 C6.78114957 6.71427433 9.55546028 11.93555459 9.37109375 21.609375 C8.38574766 30.61232662 3.38116387 37.05510264 -4 42 C-12.80104741 46.93662811 -19.43549827 49.21249669 -29.5625 49.3125 C-30.99045898 49.35600586 -30.99045898 49.35600586 -32.44726562 49.40039062 C-43.02430829 49.49399277 -52.35168108 45.97262024 -59.6875 38.125 C-64.61361419 31.46808893 -66.19679259 26.24332839 -65 18 C-60.56462491 5.27795705 -51.93047618 -0.62635577 -40 -6 C-26.22497197 -10.72065567 -11.62057954 -8.57255868 0 0 Z "
     fill="#FE9383"
     transform="translate(534,388)"
     id="path13" />
  <path
     d="M0 0 C0.495 0.99 0.495 0.99 1 2 C-3.34357794 10.73795797 -9.24340107 18.0450208 -16 25 C-16.67417969 25.74765625 -17.34835937 26.4953125 -18.04296875 27.265625 C-35.03319192 45.49903523 -62.02953086 57.71344198 -87 57 C-86.113125 56.030625 -85.22625 55.06125 -84.3125 54.0625 C-80.83096384 50.02689514 -78.46578027 45.71399169 -76 41 C-76.83660156 41.50789062 -77.67320312 42.01578125 -78.53515625 42.5390625 C-90.4514483 49.5859063 -103.83452574 57 -118 57 C-115.95852967 52.91705934 -113.79554958 51.02936172 -110.36328125 48.13671875 C-106.70016696 44.82477906 -103.47876764 41.13939974 -100.19921875 37.453125 C-95.78058951 32.52435207 -93.11751472 31.26195759 -86.6796875 29.6875 C-84.9450637 29.25335471 -83.21052973 28.81885035 -81.47607422 28.3840332 C-80.56243103 28.15881989 -79.64878784 27.93360657 -78.7074585 27.7015686 C-40.09120851 18.23975994 -40.09120851 18.23975994 -4 2 C-2.68 1.34 -1.36 0.68 0 0 Z "
     fill="#FC8B23"
     transform="translate(535,509)"
     id="path14" />
  <path
     d="M0 0 C2.875 2.375 2.875 2.375 5 5 C5.763125 5.886875 6.52625 6.77375 7.3125 7.6875 C10.3905356 13.72956989 9.70894408 18.96563872 7.5625 25.125 C1.01493921 35.02618948 -8.70672063 40.79533956 -20 44 C-29.2932411 44.98095323 -37.28508086 44.62064967 -45 39 C-50.6003909 33.3996091 -51.46272262 27.66135345 -51.3125 20 C-50.45831194 11.79979462 -45.07775653 5.02327939 -38.61328125 0.23046875 C-27.07544691 -6.64073804 -11.65694398 -6.53495345 0 0 Z "
     fill="#FEF3DC"
     transform="translate(449,249)"
     id="path15" />
  <path
     d="M0 0 C0.87398438 0.49628906 1.74796875 0.99257813 2.6484375 1.50390625 C27.57746768 15.27497428 55.12755687 22.31971717 82.84179688 28.12280273 C84.22173828 28.42645752 85.60167969 28.7301123 87.0234375 29.04296875 C88.24981934 29.30102295 89.47620117 29.55907715 90.73974609 29.82495117 C94.60636222 31.21854286 96.29892725 32.93898963 99 36 C99.7628833 36.7628833 100.5257666 37.5257666 101.31176758 38.31176758 C106.87451172 43.87451172 112.43725586 49.43725586 118 55 C105.24944543 58.18763864 90.35494391 48.83047283 79.80859375 42.609375 C77.39489496 40.91713696 77.39489496 40.91713696 76 41 C79.4322771 46.26814624 82.85991163 51.25107511 87 56 C58.98361806 57.29306378 32.98146526 42.87905441 14.1484375 22.98828125 C0 6.63850076 0 6.63850076 0 0 Z "
     fill="#FD8A23"
     transform="translate(127,510)"
     id="path16" />
  <path
     d="M0 0 C7.05753081 5.03753082 12.60612833 12.42226661 13.56640625 21.20703125 C13.86585811 29.04107835 12.65905081 33.08287292 6.875 38.5625 C-1.13072616 43.89965077 -11.78796584 43.60476356 -20.921875 41.625 C-30.6235872 38.336284 -40.35336371 32.49362379 -44.87890625 22.92578125 C-46.99895024 16.56564929 -46.81964505 10.25642017 -43.375 4.4375 C-33.15394476 -9.17431104 -13.25156847 -8.11907451 0 0 Z "
     fill="#FEF2DC"
     transform="translate(249.75,249.6875)"
     id="path17" />
  <path
     d="M0 0 C4.9491728 5.28860722 8.94977477 11.51894687 12.015625 18.07421875 C11.685625 18.73421875 11.355625 19.39421875 11.015625 20.07421875 C10.45875 19.16800781 9.901875 18.26179688 9.328125 17.328125 C2.06462097 5.73351131 -5.23850251 -4.88999389 -17.984375 -10.92578125 C-20.3172295 -10.97305005 -22.65141282 -10.96739757 -24.984375 -10.92578125 C-28.9983085 -11.83237657 -32.93647811 -12.869975 -36.8984375 -13.97265625 C-60.82662583 -20.3485058 -89.2039506 -21.04819408 -112.984375 -13.92578125 C-114.26183594 -13.57515625 -115.53929687 -13.22453125 -116.85546875 -12.86328125 C-140.25433617 -5.85092556 -159.41465877 8.64793044 -173.984375 28.07421875 C-174.644375 27.74421875 -175.304375 27.41421875 -175.984375 27.07421875 C-175.984375 29.71421875 -175.984375 32.35421875 -175.984375 35.07421875 C-176.314375 35.07421875 -176.644375 35.07421875 -176.984375 35.07421875 C-177.67134505 18.84137083 -173.63164623 6.6588806 -161.6484375 -4.703125 C-119.00694826 -40.27938215 -40.36601429 -39.17410442 0 0 Z "
     fill="#FCB95D"
     transform="translate(414.984375,115.92578125)"
     id="path18" />
  <path
     d="M0 0 C0.46254254 28.18939824 -3.19693609 55.38329773 -18 80 C-22.20801771 77.89599114 -23.65209019 76.26291219 -26.5 72.625 C-29.68480996 68.57258261 -29.68480996 68.57258261 -33.28125 64.8984375 C-35 63 -35 63 -35 59 C-28.07 57.515 -28.07 57.515 -21 56 C-21 55.34 -21 54.68 -21 54 C-22.4025 53.731875 -23.805 53.46375 -25.25 53.1875 C-30 52 -30 52 -34 49 C-34.78091835 42.73262962 -33.27365031 38.35775502 -30.6875 32.6875 C-30.07261719 31.30949219 -29.45773437 29.93148437 -28.82421875 28.51171875 C-27 25 -27 25 -24 22 C-23.5875 21.2575 -23.175 20.515 -22.75 19.75 C-19.20127585 14.17343347 -6.77782697 0 0 0 Z "
     fill="#FE8B7B"
     transform="translate(570,159)"
     id="path19" />
  <path
     d="M0 0 C25.58225508 16.74676525 25.58225508 16.74676525 30 30 C30.70125 31.44375 31.4025 32.8875 32.125 34.375 C34.07282712 39.17964024 35.01776624 41.91116881 34 47 C29.65835081 50.44337694 25.3297149 52.5343284 20 54 C21.546875 54.45375 23.09375 54.9075 24.6875 55.375 C28.20431799 56.4275512 31.62719712 57.53845208 35 59 C33.75438464 63.98246144 31.02037215 66.53768879 27.5625 70.125 C26.96373047 70.75792969 26.36496094 71.39085937 25.74804688 72.04296875 C23.52465156 74.38836448 21.28524969 76.71475031 19 79 C3.03054513 55.51550754 -0.44980411 27.63796388 0 0 Z "
     fill="#FE8B7B"
     transform="translate(92,160)"
     id="path20" />
  <path
     d="M0 0 C21.13905078 10.56952539 36.52450673 38.07459491 42.30859375 59.9140625 C46.41234482 78.23023961 44.83959628 98.26405705 36 115 C35.01 115.99 34.02 116.98 33 118 C33.33 116.35 33.66 114.7 34 113 C33.67 113 33.34 113 33 113 C33.02094727 112.11965088 33.04189453 111.23930176 33.06347656 110.33227539 C33.86035667 86.80975301 33.86035667 86.80975301 29 64 C28.72091797 63.20207031 28.44183594 62.40414062 28.15429688 61.58203125 C22.71036289 46.3020297 15.28211875 33.7467648 5.28515625 20.953125 C2.51924793 17.3787204 0.05259795 14.03188882 -2 10 C-1.34 8.68 -0.68 7.36 0 6 C1.32 6 2.64 6 4 6 C3.34 5.38125 2.68 4.7625 2 4.125 C0 2 0 2 0 0 Z "
     fill="#FDB558"
     transform="translate(599,307)"
     id="path21" />
  <path
     d="M0 0 C0.66 0.33 1.32 0.66 2 1 C-0.31 3.31 -2.62 5.62 -5 8 C-3.96875 7.01 -2.9375 6.02 -1.875 5 C2.0666471 1.94840225 3.22573191 1.30132662 8 2 C8 8.15322672 5.63466066 10.77794608 2.0625 15.4375 C0.85867322 17.06753241 -0.34313836 18.69905495 -1.54296875 20.33203125 C-2.69490591 21.88832186 -3.84721719 23.44433568 -5 25 C-21.05025344 46.70348206 -30.16303072 76.636567 -25.35546875 103.6171875 C-24.85216521 105.56593914 -24.31548473 107.50661194 -23.734375 109.43359375 C-22.63820755 113.26434916 -22.33024421 117.03706953 -22 121 C-34.97973866 109.05424052 -37.36524457 89.07806031 -37.2109375 72.3203125 C-35.76689829 42.74425009 -19.70194737 20.58503311 0 0 Z "
     fill="#FDB559"
     transform="translate(56,311)"
     id="path22" />
  <path
     d="M0 0 C1.22686523 -0.02255859 2.45373047 -0.04511719 3.71777344 -0.06835938 C12.08774343 -0.0452443 16.17706728 1.10124326 22.125 7.1875 C25.70535217 12.21934629 27.96943997 16.30974014 26.4375 22.4375 C26.01597656 21.43847656 25.59445312 20.43945312 25.16015625 19.41015625 C24.61230469 18.11980469 24.06445312 16.82945313 23.5 15.5 C22.95472656 14.21222656 22.40945313 12.92445312 21.84765625 11.59765625 C20.74927642 8.63008042 20.74927642 8.63008042 19.4375 7.4375 C5.55165367 6.70729601 -7.18564042 7.2945697 -20.5625 11.4375 C-21.91085937 11.83839844 -23.25921875 12.23929688 -24.6484375 12.65234375 C-42.90731169 18.56164168 -59.11942038 28.21564462 -74.5625 39.4375 C-76.47587352 40.81707887 -78.39207004 42.19276102 -80.3125 43.5625 C-81.04984375 44.10132813 -81.7871875 44.64015625 -82.546875 45.1953125 C-84.5625 46.4375 -84.5625 46.4375 -88.5625 47.4375 C-90.6662204 42.96709414 -91.5625 40.48394441 -91.5625 35.4375 C-93.5425 35.9325 -93.5425 35.9325 -95.5625 36.4375 C-91.3595523 31.76471058 -86.66993343 28.78398911 -81.3125 25.625 C-79.97687012 24.83561035 -79.97687012 24.83561035 -78.61425781 24.03027344 C-62.99346503 14.92510545 -46.83690824 8.60465285 -29.5625 3.4375 C-28.28117188 3.05207031 -26.99984375 2.66664062 -25.6796875 2.26953125 C-17.22032808 0.1792255 -8.67077238 0.11028711 0 0 Z "
     fill="#FCB85B"
     transform="translate(572.5625,108.5625)"
     id="path23" />
  <path
     d="M0 0 C1.79096027 1.33382705 3.5496614 2.7109231 5.296875 4.1015625 C3.296875 5.1015625 3.296875 5.1015625 1.296875 5.1015625 C1.338125 6.0090625 1.379375 6.9165625 1.421875 7.8515625 C1.296875 11.1015625 1.296875 11.1015625 -0.703125 15.1015625 C-6.22449626 13.64719499 -10.45679939 10.7619669 -15.078125 7.5390625 C-40.69397654 -9.89195067 -68.02398581 -22.76171397 -99.203125 -24.6484375 C-100.08935547 -24.70555908 -100.97558594 -24.76268066 -101.88867188 -24.8215332 C-107.0996347 -25.13939442 -107.0996347 -25.13939442 -111.703125 -22.8984375 C-96.24692816 -53.81083119 -18.15446242 -12.75009933 0 0 Z "
     fill="#FDB85C"
     transform="translate(178.703125,139.8984375)"
     id="path24" />
  <path
     d="M0 0 C6.23108673 4.41436432 12.47407876 8.89275831 17.72851562 14.46484375 C16.40851563 14.79484375 15.08851563 15.12484375 13.72851562 15.46484375 C13.19226563 14.90796875 12.65601563 14.35109375 12.10351562 13.77734375 C6.48874367 8.31032896 -1.00769123 6.7573985 -8.65820312 7.08203125 C-14.18804263 7.89208248 -18.01163852 9.96664868 -21.58398438 14.21484375 C-23.48387745 17.87389709 -24.92824729 21.56945622 -26.27148438 25.46484375 C-28.53682754 22.066829 -30.14969526 18.54175435 -31.85742188 14.83984375 C-33.93657315 11.34778856 -36.46407635 9.73397976 -40.27148438 8.46484375 C-50.23859926 7.6981426 -57.27035104 10.80550554 -65.27148438 16.46484375 C-66.26148438 16.79484375 -67.25148438 17.12484375 -68.27148438 17.46484375 C-69.26148438 18.45484375 -70.25148438 19.44484375 -71.27148438 20.46484375 C-71.60148437 20.46484375 -71.93148438 20.46484375 -72.27148438 20.46484375 C-72.27148438 15.46484375 -72.27148438 15.46484375 -69.27148438 12.27734375 C-58.42797152 3.48013755 -45.73731654 -3.34019946 -33.27148438 -9.53515625 C-32.49160156 -9.95796875 -31.71171875 -10.38078125 -30.90820312 -10.81640625 C-19.9353622 -13.80752141 -8.75625034 -5.91780977 0 0 Z "
     fill="#D43726"
     transform="translate(357.271484375,441.53515625)"
     id="path25" />
  <path
     d="M0 0 C0.33 0 0.66 0 1 0 C1.391875 1.485 1.78375 2.97 2.1875 4.5 C5.45912989 15.20441117 11.99759327 22.95115849 21.9375 28 C33.62775874 31.175132 47.09816767 30.34559813 57.375 23.875 C58.24125 23.25625 59.1075 22.6375 60 22 C60.99 21.67 61.98 21.34 63 21 C63.66 19.68 64.32 18.36 65 17 C65.680625 16.01 66.36125 15.02 67.0625 14 C69.22845527 11.00017686 69.22845527 11.00017686 70 7 C70.66 7 71.32 7 72 7 C72.82406652 16.27074836 69.35797817 24.59293969 62.9765625 31.21875 C53.11022673 40.1101514 42.24467149 43.55199222 29 42 C17.79352727 39.47579994 7.93101264 34.16622874 2.4375 23.6875 C0.27081274 18.12947615 -0.1102784 13.67452214 -0.0625 7.75 C-0.05347656 6.30109375 -0.04445312 4.8521875 -0.03515625 3.359375 C-0.02355469 2.25078125 -0.01195312 1.1421875 0 0 Z "
     fill="#A53019"
     transform="translate(177,350)"
     id="path26" />
  <path
     d="M0 0 C0 3.67029456 -1.06458258 4.91667984 -3 8 C-8.58932412 17.97820024 -8.58932412 17.97820024 -9 29 C-6.40257055 31.04961347 -6.40257055 31.04961347 -3 32 C-1.88625 32.391875 -0.7725 32.78375 0.375 33.1875 C1.24125 33.455625 2.1075 33.72375 3 34 C3 34.66 3 35.32 3 36 C-2.17598311 37.8540835 -5.43756187 39 -11 39 C-9.55548932 43.56598203 -7.18115998 46.20832771 -3.875 49.625 C6.84611741 61.08160303 6.84611741 61.08160303 10 67 C9.505 68.98 9.505 68.98 9 71 C6.69 70.67 4.38 70.34 2 70 C1.67 70.66 1.34 71.32 1 72 C0.113125 70.618125 -0.77375 69.23625 -1.6875 67.8125 C-4.16250017 64.09421703 -6.79846916 61.12344472 -10 58 C-11.66963857 55.9206612 -13.27751151 53.79923816 -14.890625 51.67578125 C-18.34880054 47.28902154 -22.05982416 43.117067 -25.7421875 38.91796875 C-28 36 -28 36 -29 32 C-27.12423044 29.43664932 -25.26764226 27.1963413 -23.125 24.875 C-22.52800293 24.20919922 -21.93100586 23.54339844 -21.31591797 22.85742188 C-20.11179285 21.51698681 -18.9023584 20.18130098 -17.6875 18.85058594 C-15.47409444 16.42326907 -13.30362781 13.95852096 -11.125 11.5 C-7.5380036 7.53507607 -3.82084675 3.73955214 0 0 Z "
     fill="#A52513"
     transform="translate(546,179)"
     id="path27" />
  <path
     d="M0 0 C0.33 0 0.66 0 1 0 C1.60825705 13.16538592 1.54997924 22.36178954 -7.1875 32.8125 C-17.39301666 41.34498114 -28.80896026 44.37288718 -42 43 C-52.85161745 40.03236283 -60.34167797 34.24376886 -65.91015625 24.48046875 C-67.3457673 21.21303858 -67.45854844 18.51553805 -67 15 C-64 18 -64 18 -62 20.875 C-55.44086344 27.70743392 -45.51408083 30.54049326 -36.25 31.3125 C-24.54994281 30.45220168 -14.63412806 27.04840919 -7.0859375 17.60546875 C-3.53256667 12.04785675 -1.63595395 6.36204315 0 0 Z "
     fill="#A73019"
     transform="translate(484,349)"
     id="path28" />
  <path
     d="M0 0 C9.81449137 8.1076233 20.96314652 17.63651109 27 29 C25.6078125 30.299375 25.6078125 30.299375 24.1875 31.625 C15.80150975 40.02796594 8.86780652 49.78656823 2.65625 59.8671875 C2.1096875 60.57101563 1.563125 61.27484375 1 62 C0.01 62 -0.98 62 -2 62 C-1.34 60.35 -0.68 58.7 0 57 C-3.79303725 58.00193437 -6.71536341 58.81024227 -10 61 C-10.495 59.515 -10.495 59.515 -11 58 C-8.9375 55.36328125 -8.9375 55.36328125 -6 52.3125 C-4.48986328 50.71535156 -4.48986328 50.71535156 -2.94921875 49.0859375 C-1.97597656 48.06757813 -1.00273438 47.04921875 0 46 C5.08375997 41.2280677 5.08375997 41.2280677 7 35 C6.16855469 34.81824219 5.33710937 34.63648438 4.48046875 34.44921875 C2.85044922 34.07216797 2.85044922 34.07216797 1.1875 33.6875 C0.10855469 33.44386719 -0.97039062 33.20023438 -2.08203125 32.94921875 C-5 32 -5 32 -8 29 C-7.24074219 28.73445313 -6.48148437 28.46890625 -5.69921875 28.1953125 C-4.70535156 27.84210938 -3.71148437 27.48890625 -2.6875 27.125 C-1.70136719 26.77695313 -0.71523437 26.42890625 0.30078125 26.0703125 C3.15594377 25.04694076 3.15594377 25.04694076 6 23 C7.19714811 15.95012778 4.38921239 10.89699323 1.3125 4.7578125 C0 2 0 2 0 0 Z "
     fill="#A02311"
     transform="translate(119,184)"
     id="path29" />
  <path
     d="M0 0 C3 7.5 3 7.5 3 12 C2.34 12 1.68 12 1 12 C0.71769531 12.72703125 0.43539062 13.4540625 0.14453125 14.203125 C-0.91088648 16.78223454 -2.08917586 19.24756496 -3.3125 21.75 C-9.10740479 34.46470286 -11.95773759 48.42029236 -15 62 C-15.66 62 -16.32 62 -17 62 C-16.484375 62.94875 -15.96875 63.8975 -15.4375 64.875 C-14.963125 65.90625 -14.48875 66.9375 -14 68 C-14.495 68.99 -14.495 68.99 -15 70 C-22.89389008 58.72301417 -22.54190382 44.33517222 -19.5 31.4375 C-17.41407644 24.45739536 -8.89689744 0 0 0 Z "
     fill="#FCB655"
     transform="translate(55,238)"
     id="path30" />
  <path
     d="M0 0 C11.30872865 8.38972347 18.9768187 25.59443723 20.21899414 39.44116211 C20.33894063 42.0897509 20.37929935 44.72373659 20.375 47.375 C20.3747583 48.76283691 20.3747583 48.76283691 20.37451172 50.17871094 C20.26123679 56.93466606 19.37870758 62.03757486 16 68 C15.01 68.495 15.01 68.495 14 69 C13.91363281 67.92105469 13.82726562 66.84210938 13.73828125 65.73046875 C12.0231082 47.43004434 8.07863487 28.06137565 -1.72265625 12.21484375 C-3.50705516 9.12079426 -2.93321998 7.37394916 -2 4 C-1.34 2.68 -0.68 1.36 0 0 Z "
     fill="#FCB351"
     transform="translate(608,238)"
     id="path31" />
  <path
     d="M0 0 C-0.33 1.588125 -0.66 3.17625 -1 4.8125 C-2.69633635 14.37590349 -3.18259886 21.41169332 2 30 C2.5775 30.99 3.155 31.98 3.75 33 C4.1625 33.66 4.575 34.32 5 35 C-4.12395157 37.28098789 -15.28716472 28.4599073 -22.92578125 23.67578125 C-25 22 -25 22 -27 18 C-21.07934126 10.36546636 -10.30108914 0 0 0 Z "
     fill="#FEBC68"
     transform="translate(101,339)"
     id="path32" />
  <path
     d="M0 0 C10.86442546 3.2251218 19.9605083 10.18902098 28 18 C23.78450127 26.43099746 11.8714292 30.74360174 3 33 C1.35 33 -0.3 33 -2 33 C-0.14165792 27.29223505 -0.14165792 27.29223505 1.0546875 24.82421875 C2.33997556 20.98428788 2.2641297 17.54109535 2.25 13.5 C2.25515625 12.0253125 2.2603125 10.550625 2.265625 9.03125 C2.03033374 5.46035904 1.58064649 3.16129297 0 0 Z "
     fill="#FEBF6B"
     transform="translate(560,339)"
     id="path33" />
  <path
     d="M0 0 C3.17619926 2.04688397 4.91655946 3.53106445 6.8125 6.8125 C7.38888935 12.0823455 7.24861934 15.66545942 3.8125 19.8125 C-0.5363275 23.52179405 -4.64705127 23.34377591 -10.1875 22.8125 C-14.49958239 20.57660543 -16.23172609 18.75353188 -19.1875 14.8125 C-19.82381293 9.8810748 -19.72206565 7.61434848 -16.9375 3.4375 C-11.66044504 -1.59968883 -6.79260533 -2.53057846 0 0 Z "
     fill="#FBFBFA"
     transform="translate(214.1875,316.1875)"
     id="path35" />
  <path
     d="M0 0 C3.85544798 1.99657127 5.59805092 3.39707638 8 7 C8.7281368 12.461026 8.42499038 14.41794796 5.125 18.9375 C0.35668418 23.6104495 -2.31548842 23.4397705 -9 23 C-12.8026029 20.9949912 -14.61790841 19.57313738 -17 16 C-17.53806018 10.69626397 -17.65925404 7.97153227 -14.625 3.5 C-10.18812369 -0.72559649 -5.93339234 -0.67342183 0 0 Z "
     fill="#FCFCFB"
     transform="translate(438,316)"
     id="path36" />
  <path
     d="M0 0 C-0.99 2.31 -1.98 4.62 -3 7 C-3.66 6.34 -4.32 5.68 -5 5 C-16.14648915 5.844431 -26.01039564 12.18871391 -34.73828125 18.85546875 C-38 21 -38 21 -42 20 C-43.32 19.01 -44.64 18.02 -46 17 C-41.4988887 7.9977774 -29.39733514 2.5451116 -20 0 C-13.18666588 -1.29218406 -6.83442425 -0.74039596 0 0 Z "
     fill="#FBB95B"
     transform="translate(234,114)"
     id="path38" />
  <path
     d="M0 0 C16.81242347 -0.81438004 31.39016684 1.05828162 45 12 C45.99 13.32 46.98 14.64 48 16 C46.35 17.32 44.7 18.64 43 20 C40.49162725 18.74581362 37.98927774 17.47942733 35.49609375 16.1953125 C24.78664801 10.73236135 15.10001329 5.79344349 3 5 C2.67 5.66 2.34 6.32 2 7 C0 3 0 3 0 0 Z "
     fill="#FCBB5B"
     transform="translate(426,114)"
     id="path39" />
  <path
     d="M0 0 C2 1 2 1 3.625 5.25 C8.99158969 19.04980205 18.25595343 31.00681118 30 40 C29.67 40.99 29.34 41.98 29 43 C26.2887292 41.7560762 23.58108166 40.5051234 20.875 39.25 C19.73417969 38.72792969 19.73417969 38.72792969 18.5703125 38.1953125 C5.70875969 32.20803792 5.70875969 32.20803792 3.18359375 24.51171875 C1.03096205 16.36327518 0.33309992 8.40790138 0 0 Z "
     fill="#C7AC98"
     transform="translate(118,456)"
     id="path40" />
  <path
     d="M0 0 C0.33 0 0.66 0 1 0 C1.83355978 20.5611413 1.83355978 20.5611413 -4.30078125 27.6640625 C-5.19152344 28.43492187 -6.08226562 29.20578125 -7 30 C-7.78117188 30.68449219 -8.56234375 31.36898438 -9.3671875 32.07421875 C-12.4808692 34.3517337 -15.68105878 36.07590544 -19.125 37.8125 C-20.34445312 38.43769531 -21.56390625 39.06289063 -22.8203125 39.70703125 C-26 41 -26 41 -29 40 C-28.29875 39.32195312 -27.5975 38.64390625 -26.875 37.9453125 C-15.46582245 26.75315735 -5.82727285 15.08235326 0 0 Z "
     fill="#C9AA95"
     transform="translate(542,458)"
     id="path41" />
  <path
     d="M0 0 C0.721875 0.268125 1.44375 0.53625 2.1875 0.8125 C3.01569338 7.93496303 0.48409656 14.58559538 -2.8125 20.8125 C-7.03033167 24.86582966 -7.03033167 24.86582966 -10.5625 24.625 C-12.8125 23.8125 -12.8125 23.8125 -13.8125 22.8125 C-13.51044105 14.50587889 -10.36494391 8.06686599 -5.3125 1.625 C-2.8125 -0.1875 -2.8125 -0.1875 0 0 Z "
     fill="#FE6E5B"
     transform="translate(151.8125,396.1875)"
     id="path42" />
  <path
     d="M0 0 C0 3 0 3 -3.5 6.1875 C-5.2325 7.5796875 -5.2325 7.5796875 -7 9 C-6.34 9.66 -5.68 10.32 -5 11 C-4.37351562 10.55527344 -3.74703125 10.11054688 -3.1015625 9.65234375 C-2.28429687 9.08644531 -1.46703125 8.52054687 -0.625 7.9375 C0.18710937 7.36902344 0.99921875 6.80054688 1.8359375 6.21484375 C2.55007813 5.81394531 3.26421875 5.41304688 4 5 C4.66 5.33 5.32 5.66 6 6 C-3.49775492 14.98436276 -15.48800755 18.35853192 -28.3125 18.3125 C-29.19873047 18.32861328 -30.08496094 18.34472656 -30.99804688 18.36132812 C-37.71884143 18.36623024 -46.01757258 17.98242742 -51 13 C-48.69 13 -46.38 13 -44 13 C-47.465 11.02 -47.465 11.02 -51 9 C-49 8 -49 8 -46.671875 8.99609375 C-45.22554688 9.70958984 -45.22554688 9.70958984 -43.75 10.4375 C-32.7984474 15.1272797 -21.67116566 14.04988592 -11 9 C-6.87475905 6.44754881 -3.4331778 3.4331778 0 0 Z "
     fill="#140A0E"
     transform="translate(479,378)"
     id="path44" />
  <path
     d="M0 0 C2.625 0.375 2.625 0.375 5 1 C5.05419598 3.56226563 5.092881 6.12486254 5.125 8.6875 C5.14820313 10.11449219 5.17140625 11.54148437 5.1953125 13.01171875 C4.96257793 17.76415874 4.37648395 20.62351605 1 24 C-4.65384615 24.34615385 -4.65384615 24.34615385 -6 23 C-6.56556449 15.08209713 -5.93279294 5.93279294 0 0 Z "
     fill="#FE705D"
     transform="translate(492,398)"
     id="path45" />
  <path
     d="M0 0 C1.65 0.33 3.3 0.66 5 1 C5.08132642 4.04221065 5.14065374 7.0822238 5.1875 10.125 C5.22520508 11.40890625 5.22520508 11.40890625 5.26367188 12.71875 C5.32344736 17.89929206 5.00651194 21.69601423 2 26 C-1.125 26.4375 -1.125 26.4375 -4 26 C-6.48274691 23.51725309 -5.24562865 17.39645132 -5 14 C-3.99938408 8.8929603 -2.90095622 4.35143433 0 0 Z "
     fill="#FE6C59"
     transform="translate(511,396)"
     id="path46" />
  <path
     d="M0 0 C-1.21952451 6.98454945 -3.33594363 11.92538023 -7 18 C-11.46929659 16.88267585 -11.78043509 16.47664988 -14.125 12.8125 C-14.62257813 12.05582031 -15.12015625 11.29914063 -15.6328125 10.51953125 C-17.13375215 7.7535139 -18.0864224 5.00610535 -19 2 C-16.58378438 1.66341275 -14.16700854 1.33084528 -11.75 1 C-10.40421875 0.814375 -9.0584375 0.62875 -7.671875 0.4375 C-4 0 -4 0 0 0 Z "
     fill="#F9F8F6"
     transform="translate(390,432)"
     id="path47" />
  <path
     d="M0 0 C1.94355088 3.88710176 1.54015747 7.57398427 0.0234375 11.578125 C-2.25929571 16.36766339 -3.62937318 18.72202989 -8 22 C-10.75 21.6875 -10.75 21.6875 -13 21 C-14.104192 12.79743083 -10.38156441 7.56709294 -6 1 C-5 0 -5 0 0 0 Z "
     fill="#FE6D5A"
     transform="translate(172,400)"
     id="path48" />
  <path
     d="M0 0 C6.27 0.66 12.54 1.32 19 2 C17.49947591 6.50157228 16.29497484 9.48199699 13.875 13.375 C13.33617187 14.24898438 12.79734375 15.12296875 12.2421875 16.0234375 C11.83226562 16.67570312 11.42234375 17.32796875 11 18 C6.17340051 16.79335013 6.03167931 16.03977988 3.8125 11.8125 C3.30332031 10.87019531 2.79414063 9.92789062 2.26953125 8.95703125 C1 6 1 6 0 0 Z "
     fill="#FBF9F8"
     transform="translate(273,432)"
     id="path49" />
  <path
     d="M0 0 C7.47221816 1.49444363 15.70298543 5.55447814 20 12 C17.03 11.01 14.06 10.02 11 9 C11.19078125 9.71285156 11.3815625 10.42570312 11.578125 11.16015625 C12.79907511 16.43437679 13.39856973 19.07916648 11.1875 24.1875 C10.465625 25.115625 9.74375 26.04375 9 27 C8.67 27 8.34 27 8 27 C7.34 24.03 6.68 21.06 6 18 C5.67 18 5.34 18 5 18 C4.80664062 17.20335937 4.61328125 16.40671875 4.4140625 15.5859375 C2.48205464 7.7134296 2.48205464 7.7134296 0 0 Z "
     fill="#E96415"
     transform="translate(569,403)"
     id="path50" />
  <path
     d="M0 0 C1.22847656 -0.00515625 2.45695312 -0.0103125 3.72265625 -0.015625 C6.9375 0.25 6.9375 0.25 9.9375 2.25 C9.9375 3.9 9.9375 5.55 9.9375 7.25 C6.29353999 9.67930667 4.39837919 9.54874985 0.0625 9.5625 C-1.15179688 9.57925781 -2.36609375 9.59601563 -3.6171875 9.61328125 C-7.24989025 9.23024116 -9.13026093 8.36277302 -12.0625 6.25 C-10.38649035 -0.4540386 -6.0904429 -0.025617 0 0 Z "
     fill="#AB8A83"
     transform="translate(324.0625,364.75)"
     id="path51" />
  <path
     d="M0 0 C0.66 0 1.32 0 2 0 C2.758973 8.53844623 -0.11369963 16.17664532 -5.5625 22.6875 C-9 26 -9 26 -12 26 C-12 24.02 -12 22.04 -12 20 C-12.99 20.33 -13.98 20.66 -15 21 C-15.33 20.34 -15.66 19.68 -16 19 C-10.375 15.125 -10.375 15.125 -7 14 C-6.34 12.68 -5.68 11.36 -5 10 C-4.319375 9.01 -3.63875 8.02 -2.9375 7 C-0.77154473 4.00017686 -0.77154473 4.00017686 0 0 Z "
     fill="#782819"
     transform="translate(247,357)"
     id="path52" />
  <path
     d="M0 0 C0.66 0.33 1.32 0.66 2 1 C0 5 -2 9 -4 13 C-5.62942711 17.31318942 -6.45103392 21.42528266 -7 26 C-7.99 26 -8.98 26 -10 26 C-11.30263211 18.65789175 -10.47694999 14.03453797 -8 7 C-10.97 8.65 -13.94 10.3 -17 12 C-15.51960117 7.55880351 -11.96458769 6.38822264 -8.0625 4.25 C-7.32064453 3.82589844 -6.57878906 3.40179688 -5.81445312 2.96484375 C-3.91355276 1.90668162 -1.95950043 0.9452446 0 0 Z "
     fill="#E95F13"
     transform="translate(92,402)"
     id="path53" />
  <path
     d="M0 0 C2.47395833 0.74869792 4.94791667 1.49739583 7.421875 2.24609375 C13.51241854 4.02711633 19.25659837 4.37401903 25.56640625 4.71875 C29 5 29 5 32 6 C34.3406065 5.72230092 36.67624308 5.39460023 39 5 C38 7 38 7 34.546875 8.11328125 C29.66667901 9.06500332 25.21861421 9.23060312 20.25 9.1875 C18.60515625 9.18105469 16.9603125 9.17460937 15.265625 9.16796875 C11 9 11 9 7 8 C7 7.34 7 6.68 7 6 C8.32 6 9.64 6 11 6 C10.28972656 5.73445313 9.57945312 5.46890625 8.84765625 5.1953125 C7.46900391 4.66550781 7.46900391 4.66550781 6.0625 4.125 C5.14597656 3.77695312 4.22945312 3.42890625 3.28515625 3.0703125 C1 2 1 2 0 0 Z "
     fill="#1C0B0D"
     transform="translate(192,387)"
     id="path60" />
  <path
     d="M0 0 C3.17322386 2.98090727 6.05198415 6.13912806 8.8125 9.5 C9.71935547 10.59828125 9.71935547 10.59828125 10.64453125 11.71875 C12 14 12 14 12 19 C11.34 19.99 10.68 20.98 10 22 C10.66 22.33 11.32 22.66 12 23 C11.67 27.62 11.34 32.24 11 37 C10.01 36.34 9.02 35.68 8 35 C7.6640625 31.796875 7.6640625 31.796875 7.625 27.75 C7.2722565 19.3967337 5.2133487 12.65798054 2 5 C1.33217043 3.33379896 0.66506636 1.6673059 0 0 Z "
     fill="#A6390D"
     transform="translate(374,148)"
     id="path61" />
  <path
     d="M0 0 C1.32 0.66 2.64 1.32 4 2 C4.66 2 5.32 2 6 2 C7.8849413 9.00629124 9.39700836 15.76410027 10 23 C6.14610936 19.47493962 3.80640218 16.23929001 1.625 11.5 C1.10164063 10.3965625 0.57828125 9.293125 0.0390625 8.15625 C-1.05069904 4.84599691 -1.03821963 3.27344544 0 0 Z "
     fill="#FAB853"
     transform="translate(24,409)"
     id="path62" />
  <path
     d="M0 0 C1 2 1 2 -0.1796875 4.86328125 C-0.73914063 6.00152344 -1.29859375 7.13976562 -1.875 8.3125 C-4.1598918 12.93375635 -4.1598918 12.93375635 -5.5703125 17.85546875 C-5.71210938 18.56316406 -5.85390625 19.27085937 -6 20 C-6.66 20.33 -7.32 20.66 -8 21 C-8.65772428 24.02934491 -8.65772428 24.02934491 -9 27 C-9.33 27 -9.66 27 -10 27 C-10 24.36 -10 21.72 -10 19 C-10.99 19.33 -11.98 19.66 -13 20 C-12.68473937 13.7420764 -10.83230275 11.05779431 -6.5 6.625 C-5.4996875 5.58601562 -4.499375 4.54703125 -3.46875 3.4765625 C-1 1 -1 1 0 0 Z "
     fill="#A0360C"
     transform="translate(289,134)"
     id="path63" />
  <path
     d="M0 0 C0.33 0 0.66 0 1 0 C1.45375 1.52625 1.9075 3.0525 2.375 4.625 C3.51852911 8.44037676 4.71056507 12.23088252 6 16 C4.68 15.34 3.36 14.68 2 14 C3.22984388 20.14143781 3.22984388 20.14143781 7 25 C7.66 26.32 8.32 27.64 9 29 C13.92292661 33.92292661 19.67493881 36.35517904 26 39 C20.18059683 40.45485079 16.93823302 38.08164002 12 35 C5.60226653 30.00517217 1.95969876 23.83879502 0 16 C-0.06900635 13.25078699 -0.08467733 10.49998949 -0.0625 7.75 C-0.05347656 6.30109375 -0.04445312 4.8521875 -0.03515625 3.359375 C-0.02355469 2.25078125 -0.01195312 1.1421875 0 0 Z "
     fill="#D03C1A"
     transform="translate(177,350)"
     id="path64" />
  <path
     d="M0 0 C0.33 0 0.66 0 1 0 C0.98428955 0.87624023 0.9685791 1.75248047 0.95239258 2.65527344 C0.88941687 6.68678134 0.85081136 10.71818522 0.8125 14.75 C0.78736328 16.12800781 0.76222656 17.50601562 0.73632812 18.92578125 C0.14692488 32.21716749 0.14692488 32.21716749 5 44 C5.04102079 46.66635114 5.04232271 49.33366921 5 52 C4.01 52 3.02 52 2 52 C2.061875 51.030625 2.12375 50.06125 2.1875 49.0625 C1.96659472 44.27621886 0.58653319 40.50575425 -1 36 C-2.14719935 30.77641895 -2.19147545 25.57512034 -2.1875 20.25 C-2.18814453 19.36344727 -2.18878906 18.47689453 -2.18945312 17.56347656 C-2.13984833 11.42826571 -1.57693197 5.91349488 0 0 Z "
     fill="#FC801C"
     transform="translate(31,381)"
     id="path65" />
  <path
     d="M0 0 C0.33 0 0.66 0 1 0 C1.1958009 1.91583647 1.38132214 3.83272539 1.5625 5.75 C1.66691406 6.81734375 1.77132812 7.8846875 1.87890625 8.984375 C2 12 2 12 1 16 C1.99 16 2.98 16 4 16 C4.33 15.01 4.66 14.02 5 13 C5.68365883 11.10277811 6.37153765 9.20707418 7.0625 7.3125 C7.42472656 6.31863281 7.78695312 5.32476562 8.16015625 4.30078125 C8.43730469 3.54152344 8.71445313 2.78226562 9 2 C10.26930617 7.07722469 9.08205342 9.17266014 7.1875 14 C6.64480469 15.4025 6.10210937 16.805 5.54296875 18.25 C4 22 4 22 2 26 C1.34 26 0.68 26 0 26 C-1.13662051 21.46253875 -1.13310394 17.10131547 -1.125 12.4375 C-1.12757812 10.95121094 -1.13015625 9.46492188 -1.1328125 7.93359375 C-1 4 -1 4 0 0 Z "
     fill="#3A0D0E"
     transform="translate(82,304)"
     id="path66" />
  <path
     d="M0 0 C0.66 0 1.32 0 2 0 C1 4 1 4 -0.875 7.26953125 C-6.90016499 17.846797 -9.64703446 29.68705305 -11.70703125 41.57495117 C-12.80928959 47.80928959 -12.80928959 47.80928959 -15 50 C-15.24996962 43.79361136 -14.37814354 38.28324282 -12.8125 32.3125 C-12.58691406 31.4361792 -12.36132812 30.5598584 -12.12890625 29.65698242 C-9.35363067 19.1697171 -5.78476871 9.22436092 0 0 Z "
     fill="#FD7C17"
     transform="translate(56,250)"
     id="path67" />
  <path
     d="M0 0 C2.82435393 2.49846694 4.60574002 4.9297405 6.6875 8.125 C11.28537114 15.17351312 16.52622225 21.92817029 24 26 C24.33 24.68 24.66 23.36 25 22 C25.41572266 23.04800781 25.41572266 23.04800781 25.83984375 24.1171875 C26.20207031 25.02726562 26.56429687 25.93734375 26.9375 26.875 C27.29714844 27.77992188 27.65679687 28.68484375 28.02734375 29.6171875 C28.94901262 31.96137667 28.94901262 31.96137667 30 34 C25.31029897 31.65514949 21.81947866 28.51922713 18 25 C17.34644531 24.4121875 16.69289063 23.824375 16.01953125 23.21875 C9.37045786 16.95455311 2.24280553 8.97122212 0 0 Z "
     fill="#FAF5EB"
     transform="translate(95,452)"
     id="path69" />
  <path
     d="M0 0 C0.66 0 1.32 0 2 0 C16.61357719 31.99704809 16.61357719 31.99704809 16 47 C13.30105104 44.30105104 13.37584605 42.25507632 12.75 38.5 C10.46449465 26.42278644 6.68617504 14.89338502 1 4 C0.01 4.33 -0.98 4.66 -2 5 C-1.34 3.35 -0.68 1.7 0 0 Z "
     fill="#FC7914"
     transform="translate(605,249)"
     id="path71" />
  <path
     d="M0 0 C9.24 0 18.48 0 28 0 C28 0.99 28 1.98 28 3 C23.12305407 4.21923648 18.43058625 4.26192857 13.4375 4.3125 C12.47908203 4.34150391 11.52066406 4.37050781 10.53320312 4.40039062 C7.74609375 4.42578125 7.74609375 4.42578125 3 4 C2.01 2.68 1.02 1.36 0 0 Z "
     fill="#250F0D"
     transform="translate(437,392)"
     id="path72" />
  <path
     d="M0 0 C0 3 0 3 -3.5 6.1875 C-4.655 7.115625 -5.81 8.04375 -7 9 C-6.34 9.66 -5.68 10.32 -5 11 C-4.37351562 10.55527344 -3.74703125 10.11054688 -3.1015625 9.65234375 C-2.28429687 9.08644531 -1.46703125 8.52054687 -0.625 7.9375 C0.18710937 7.36902344 0.99921875 6.80054688 1.8359375 6.21484375 C2.55007813 5.81394531 3.26421875 5.41304688 4 5 C4.66 5.33 5.32 5.66 6 6 C-0.22499628 11.88851 -7.36580915 16 -16 16 C-16.33 15.01 -16.66 14.02 -17 13 C-14.69 12.01 -12.38 11.02 -10 10 C-10 9.34 -10 8.68 -10 8 C-8.01399663 6.6459068 -6.01182457 5.31542376 -4 4 C-2.63113049 2.70317626 -1.2830709 1.38176866 0 0 Z "
     fill="#1E0D0E"
     transform="translate(479,378)"
     id="path73" />
  <path
     d="M0 0 C1.546875 1.3303125 1.546875 1.3303125 3.125 2.6875 C4.08019531 3.50347656 4.08019531 3.50347656 5.0546875 4.3359375 C6.79180096 5.82190203 8.52142192 7.31661512 10.25 8.8125 C12.85686693 11.14289871 12.85686693 11.14289871 16 12 C17.66811657 13.6652155 19.33451495 15.33215256 21 17 C23.32279828 18.75074601 25.679006 20.4578288 28.0625 22.125 C31.74513014 24.71109459 35.39959872 27.29969904 39 30 C26.26869393 30 8.1840153 10.46121582 0 2 C0 1.34 0 0.68 0 0 Z "
     fill="#FAF3E8"
     transform="translate(219,517)"
     id="path74" />
  <path
     d="M0 0 C3 3 3 3 5.625 7.1875 C10.53203269 14.6637235 17.05563165 19.94330127 25 24 C20.74810233 25.41729922 18.93594604 23.96797302 15 22 C13.30225062 20.70647667 11.63260714 19.37482707 10 18 C8.3497306 16.9731657 6.68756133 15.96432076 5 15 C5.66 14.34 6.32 13.68 7 13 C6.1028125 11.948125 6.1028125 11.948125 5.1875 10.875 C0 4.05714286 0 4.05714286 0 0 Z "
     fill="#FBF4E9"
     transform="translate(165,368)"
     id="path75" />
  <path
     d="M0 0 C9.43750311 4.07107977 17.91871699 10.57496539 25 18 C23.68 18.33 22.36 18.66 21 19 C20.46375 18.443125 19.9275 17.88625 19.375 17.3125 C15.85030479 13.88055993 11.57591481 12.64174043 7 11 C7.33 9.68 7.66 8.36 8 7 C6.68 6.21625 5.36 5.4325 4 4.625 C2.68 3.75875 1.36 2.8925 0 2 C0 1.34 0 0.68 0 0 Z "
     fill="#E74433"
     transform="translate(350,438)"
     id="path76" />
  <path
     d="M0 0 C0.99 0 1.98 0 3 0 C3.66 0.33 4.32 0.66 5 1 C2.7984938 2.32391948 0.58848101 3.63370011 -1.625 4.9375 C-2.85476563 5.66839844 -4.08453125 6.39929688 -5.3515625 7.15234375 C-8.73598507 8.86629651 -11.25789873 9.63730403 -15 10 C-6.18141097 -0.38633819 -6.18141097 -0.38633819 0 0 Z "
     fill="#CAB6A3"
     transform="translate(528,489)"
     id="path77" />
  <path
     d="M0 0 C8 8 8 8 8 10 C9.32 10.66 10.64 11.32 12 12 C13.53565243 13.24906941 15.03415667 14.54469698 16.5 15.875 C17.2528125 16.55304687 18.005625 17.23109375 18.78125 17.9296875 C20.90252529 19.90904648 22.96255066 21.93476726 25 24 C20.49819661 22.56203739 17.82905771 20.24532921 14.4375 17 C11.25923131 13.96719992 8.96243816 11.98121908 5 10 C5.66 12.31 6.32 14.62 7 17 C3.98687181 13.98687181 3.18355412 12.40829222 1.8125 8.5 C1.29623047 7.06140625 1.29623047 7.06140625 0.76953125 5.59375 C0 3 0 3 0 0 Z "
     fill="#B0240D"
     transform="translate(279,543)"
     id="path79" />
  <path
     d="M0 0 C1.32 0.33 2.64 0.66 4 1 C4 1.99 4 2.98 4 4 C0.97265625 5.97265625 0.97265625 5.97265625 -2.9375 8.0625 C-7.73347939 10.24109704 -7.73347939 10.24109704 -11 14 C-13.72265625 14.4140625 -13.72265625 14.4140625 -17.0625 14.625 C-18.16722656 14.69976562 -19.27195312 14.77453125 -20.41015625 14.8515625 C-21.26480469 14.90054687 -22.11945313 14.94953125 -23 15 C-18.72707019 12.15138012 -14.08379311 10.14043305 -9.4453125 7.94921875 C-5.98193857 5.98978157 -3.66161538 3.9317055 -1 1 C-0.67 0.67 -0.34 0.34 0 0 Z "
     fill="#F4EADE"
     transform="translate(488,380)"
     id="path80" />
  <path
     d="M0 0 C1.67542976 0.28604898 3.34385343 0.61781233 5 1 C5.05419598 3.56226563 5.092881 6.12486254 5.125 8.6875 C5.14820313 10.11449219 5.17140625 11.54148437 5.1953125 13.01171875 C4.96257793 17.76415874 4.37648395 20.62351605 1 24 C-0.65 24 -2.3 24 -4 24 C-2 22.66666667 0 21.33333333 2 20 C2.96186931 16.15252277 3.30659027 12.69832148 3.5625 8.75 C3.64628906 7.48671875 3.73007812 6.2234375 3.81640625 4.921875 C3.87699219 3.95765625 3.93757813 2.9934375 4 2 C0.32808638 3.63805102 -0.82177526 4.56133224 -2.36328125 8.35546875 C-2.67652344 9.62003906 -2.98976563 10.88460938 -3.3125 12.1875 C-3.63863281 13.45980469 -3.96476562 14.73210937 -4.30078125 16.04296875 C-4.53152344 17.01878906 -4.76226562 17.99460937 -5 19 C-5.33 19 -5.66 19 -6 19 C-5.62257322 12.20631794 -5.1470284 5.1470284 0 0 Z "
     fill="#FE6855"
     transform="translate(492,398)"
     id="path82" />
  <path
     d="M0 0 C5.91314535 5.91314535 8.53131166 13.71983933 9 22 C7 19 7 19 5 13 C4.01 17.62 3.02 22.24 2 27 C1.67 27 1.34 27 1 27 C1.01160156 25.63746094 1.02320313 24.27492187 1.03515625 22.87109375 C1.04454069 21.05989721 1.05364019 19.24869918 1.0625 17.4375 C1.07087891 16.54224609 1.07925781 15.64699219 1.08789062 14.72460938 C1.10625008 9.71247699 0.86352574 4.95677372 0 0 Z "
     fill="#711302"
     transform="translate(347,170)"
     id="path84" />
  <path
     d="M0 0 C-0.9384375 0.54269531 -1.876875 1.08539063 -2.84375 1.64453125 C-4.65359375 2.71767578 -4.65359375 2.71767578 -6.5 3.8125 C-7.7065625 4.52019531 -8.913125 5.22789062 -10.15625 5.95703125 C-11.0946875 6.63121094 -12.033125 7.30539062 -13 8 C-13 8.99 -13 9.98 -13 11 C-13.66 11.66 -14.32 12.32 -15 13 C-15.639375 13.680625 -16.27875 14.36125 -16.9375 15.0625 C-19 17 -19 17 -22 18 C-22 13 -22 13 -18.6875 9.625 C-4.82953954 -1.60984651 -4.82953954 -1.60984651 0 0 Z "
     fill="#EE4936"
     transform="translate(307,444)"
     id="path85" />
  <path
     d="M0 0 C4.59142819 1.14785705 5.71784881 2.79637538 8.65234375 6.32421875 C11.7642412 9.87105695 15.08971517 13.17698559 18.4375 16.5 C19.0773584 17.13574951 19.7172168 17.77149902 20.37646484 18.42651367 C21.91565357 19.95301792 23.45754364 21.4767976 25 23 C19.68122691 24.32969327 16.32743911 23.19166401 11 22 C11 21.67 11 21.34 11 21 C13.97 21 16.94 21 20 21 C19.50072998 20.5059668 19.00145996 20.01193359 18.48706055 19.50292969 C16.21789673 17.25460324 13.95266905 15.00235079 11.6875 12.75 C10.90181641 11.97269531 10.11613281 11.19539062 9.30664062 10.39453125 C8.54931641 9.64042969 7.79199219 8.88632812 7.01171875 8.109375 C5.96697388 7.07248535 5.96697388 7.07248535 4.90112305 6.01464844 C3 4 3 4 0 0 Z "
     fill="#F59827"
     transform="translate(220,542)"
     id="path87" />
  <path
     d="M0 0 C1 4 1 4 -0.375 7.75 C-2.45417302 13.43937345 -2.54316964 19.12600133 -2.7890625 25.1328125 C-2.98956331 28.80866061 -3.42423486 32.36607247 -4 36 C-4.33 36 -4.66 36 -5 36 C-5.74226804 11.48453608 -5.74226804 11.48453608 0 0 Z "
     fill="#3E1311"
     transform="translate(234,113)"
     id="path88" />
  <path
     d="M0 0 C3 3 3 3 5.4375 6 C8.01518107 9.23910188 8.01518107 9.23910188 12 12 C8.19495213 13.79682816 7.29399165 14.07349791 3 13 C0.07735051 8.61602577 -0.31191814 5.19863564 0 0 Z "
     fill="#6D2418"
     transform="translate(417,364)"
     id="path90" />
  <path
     d="M0 0 C0 0.66 0 1.32 0 2 C-4.31233435 3.06343002 -8.38172994 3.10102844 -12.8125 3.0625 C-14.15957031 3.05347656 -15.50664062 3.04445313 -16.89453125 3.03515625 C-17.91933594 3.02355469 -18.94414062 3.01195312 -20 3 C-19.34 2.01 -18.68 1.02 -18 0 C-14.375 -0.1875 -14.375 -0.1875 -11 0 C-11 -0.66 -11 -1.32 -11 -2 C-6.20251344 -3.16695619 -4.19687163 -2.79791442 0 0 Z "
     fill="#2F1412"
     transform="translate(351,503)"
     id="path93" />
  <path
     d="M0 0 C0.97839844 0.53109375 1.95679688 1.0621875 2.96484375 1.609375 C9.88384365 5.337607 16.75496962 8.94946089 24 12 C18.5890949 13.35272627 16.62360776 11.61721374 11.75 9.0625 C10.30109375 8.31097656 8.8521875 7.55945313 7.359375 6.78515625 C6.25078125 6.19605469 5.1421875 5.60695313 4 5 C4.44472656 5.62648438 4.88945312 6.25296875 5.34765625 6.8984375 C5.91355469 7.71570313 6.47945312 8.53296875 7.0625 9.375 C7.63097656 10.18710937 8.19945312 10.99921875 8.78515625 11.8359375 C9.38650391 12.90714844 9.38650391 12.90714844 10 14 C9.67 14.66 9.34 15.32 9 16 C7.86560639 14.46523218 6.74290674 12.9218179 5.625 11.375 C4.99851563 10.51648438 4.37203125 9.65796875 3.7265625 8.7734375 C1.94250382 5.90764188 0.93818339 3.23152058 0 0 Z "
     fill="#F99E27"
     transform="translate(127,510)"
     id="path94" />
  <path
     d="M0 0 C0.33 0 0.66 0 1 0 C1.32480105 8.22829329 0.31423742 15.10679736 -2 23 C-2.89694794 19.41220825 -3.08304117 16.65381163 -3 13 C-3.66 13 -4.32 13 -5 13 C-3.52517977 8.44146474 -2.14545836 4.29091673 0 0 Z "
     fill="#BD9D88"
     transform="translate(542,458)"
     id="path95" />
  <path
     d="M0 0 C8.04610084 4.02305042 12.88843378 11.74588711 16 20 C16.8125 24.625 16.8125 24.625 17 28 C15.68 26.68 14.36 25.36 13 24 C13.33 23.67 13.66 23.34 14 23 C11.35092322 15.47662193 8.10044881 10.08266981 3 4 C2.01 2.68 1.02 1.36 0 0 Z "
     fill="#FDF6EC"
     transform="translate(572,386)"
     id="path97" />
  <path
     d="M0 0 C-1.28627711 1.17260611 -2.57919783 2.3379283 -3.875 3.5 C-4.59429687 4.1496875 -5.31359375 4.799375 -6.0546875 5.46875 C-8 7 -8 7 -10 7 C-10 6.01 -10 5.02 -10 4 C-11.98 4.66 -13.96 5.32 -16 6 C-15.67 4.68 -15.34 3.36 -15 2 C-12.12890625 0.91796875 -12.12890625 0.91796875 -8.5625 0.1875 C-7.38816406 -0.06644531 -6.21382812 -0.32039063 -5.00390625 -0.58203125 C-2 -1 -2 -1 0 0 Z "
     fill="#3E1314"
     transform="translate(68,302)"
     id="path98" />
  <path
     d="M0 0 C6.19803257 4.5865441 10.17876863 9.75353073 13 17 C12.67 17.99 12.34 18.98 12 20 C10.02 16.37 8.04 12.74 6 9 C4.41074435 10.35355339 4.41074435 10.35355339 5 15 C3.31626595 11.6325319 2.31781585 8.84984234 1.375 5.25 C1.11460937 4.26515625 0.85421875 3.2803125 0.5859375 2.265625 C0.39257812 1.51796875 0.19921875 0.7703125 0 0 Z "
     fill="#220712"
     transform="translate(608,396)"
     id="path101" />
  <path
     d="M0 0 C3 3 3 3 6 6.5625 C10.56719247 11.83687065 15.77649745 16.39047153 21 21 C16.36108417 21 14.6005264 18.12525282 11.3125 15 C9.54326172 13.329375 9.54326172 13.329375 7.73828125 11.625 C6.83464844 10.75875 5.93101562 9.8925 5 9 C4.01 9.495 4.01 9.495 3 10 C0 3.375 0 3.375 0 0 Z "
     fill="#B01E0A"
     transform="translate(213,511)"
     id="path102" />
  <path
     d="M0 0 C4.8037477 1.65128827 8.75181852 4.26388311 13 7 C10 8 10 8 6 6 C6.74056641 6.83144531 6.74056641 6.83144531 7.49609375 7.6796875 C8.13675781 8.40414062 8.77742187 9.12859375 9.4375 9.875 C10.07558594 10.59429688 10.71367187 11.31359375 11.37109375 12.0546875 C13 14 13 14 14 16 C7.25930808 12.62965404 2.93783059 6.91254256 0 0 Z "
     fill="#220812"
     transform="translate(201,549)"
     id="path104" />
  <path
     d="M0 0 C1.485 0.99 1.485 0.99 3 2 C3.66 2 4.32 2 5 2 C6.437197 6.49124061 7.23023611 10.28015976 7 15 C1.45275462 10.62059575 0.98265572 6.69992535 0 0 Z "
     fill="#FCAE44"
     transform="translate(27,417)"
     id="path105" />
  <path
     d="M0 0 C0.99 0.66 1.98 1.32 3 2 C1.91333961 8.51996232 0.74879851 12.12623311 -4 17 C-5.07349791 12.70600835 -4.79682816 11.80504787 -3 8 C-2.34 8 -1.68 8 -1 8 C-0.67 5.36 -0.34 2.72 0 0 Z "
     fill="#F7A437"
     transform="translate(631,417)"
     id="path106" />
  <path
     d="M0 0 C1.96464277 5.89392831 2.11955635 10.90463768 1 17 C0.01 17 -0.98 17 -2 17 C-2.91648506 11.04284713 -3.13090095 6.68240254 -1 1 C-0.67 0.67 -0.34 0.34 0 0 Z "
     fill="#DC6315"
     transform="translate(84,411)"
     id="path107" />
  <path
     d="M0 0 C1.98 0.495 1.98 0.495 4 1 C5.41304073 4.88586201 5.00971002 5.9802563 3.125 9.8125 C2.42375 10.864375 1.7225 11.91625 1 13 C0.67 13 0.34 13 0 13 C-0.70201067 8.39793006 -1.27228075 4.5236649 0 0 Z "
     fill="#DA6115"
     transform="translate(577,417)"
     id="path108" />
  <path
     d="M0 0 C3.41476323 3.41476323 4.94889218 6.60361631 7.0625 10.9375 C7.75472656 12.34902344 8.44695313 13.76054687 9.16015625 15.21484375 C9.76730469 16.46394531 10.37445312 17.71304687 11 19 C11.66 20.32 12.32 21.64 13 23 C12.67 23.99 12.34 24.98 12 26 C8 18.25 8 18.25 8 16 C7.34 16 6.68 16 6 16 C5.62875 14.7625 5.62875 14.7625 5.25 13.5 C4.01065434 9.80822188 4.01065434 9.80822188 1.875 5.75 C0 2 0 2 0 0 Z "
     fill="#F4B135"
     transform="translate(544,250)"
     id="path109" />
  <path
     d="M0 0 C5 4.75 5 4.75 5 7 C-4.5 6.25 -4.5 6.25 -9 4 C-6.36 3.67 -3.72 3.34 -1 3 C-0.67 2.01 -0.34 1.02 0 0 Z "
     fill="#F9EBDC"
     transform="translate(217,525)"
     id="path110" />
  <path
     d="M0 0 C2.91621137 -0.08100587 5.83306377 -0.13919112 8.75 -0.1875 C10.37421875 -0.22230469 11.9984375 -0.25710938 13.671875 -0.29296875 C18 0 18 0 22 3 C18.89531355 3.08083562 15.79272431 3.14041718 12.6875 3.1875 C11.80642578 3.21263672 10.92535156 3.23777344 10.01757812 3.26367188 C3.33984375 3.33984375 3.33984375 3.33984375 0 0 Z "
     fill="#F4E4D1"
     transform="translate(322,353)"
     id="path111" />
  <path
     d="M0 0 C6.93 0.495 6.93 0.495 14 1 C12.02 1.99 12.02 1.99 10 3 C9.34 3.66 8.68 4.32 8 5 C6.35 5 4.7 5 3 5 C2.67 5.66 2.34 6.32 2 7 C0 3 0 3 0 0 Z "
     fill="#F9B251"
     transform="translate(426,114)"
     id="path113" />
  <path
     d="M0 0 C-0.33 1.32 -0.66 2.64 -1 4 C-2.32 4 -3.64 4 -5 4 C-5 4.66 -5 5.32 -5 6 C-6.65 6 -8.3 6 -10 6 C-10.99 6.66 -11.98 7.32 -13 8 C-10.03694163 2.07388326 -6.59837094 0 0 0 Z "
     fill="#F7BF58"
     transform="translate(80,109)"
     id="path114" />
  <path
     d="M0 0 C3.92791029 3.81238352 7.47549262 7.81977031 11 12 C9.4325 12.04125 7.865 12.0825 6.25 12.125 C5.36828125 12.14820313 4.4865625 12.17140625 3.578125 12.1953125 C1 12 1 12 -3 10 C1.455 9.505 1.455 9.505 6 9 C5.01 7.88625 4.02 6.7725 3 5.625 C0 2 0 2 0 0 Z "
     fill="#F9AD2A"
     transform="translate(203,554)"
     id="path116" />
  <path
     d="M0 0 C6.61892782 1.73233663 10.88315086 5.69948428 16.07421875 9.98046875 C17.52248047 10.98013672 17.52248047 10.98013672 19 12 C19.99 11.67 20.98 11.34 22 11 C21.34 12.32 20.68 13.64 20 15 C16.5098299 13.25491495 14.09876427 11.57997673 11.125 9.125 C7.53099792 6.19556931 3.87546479 3.54964789 0 1 C0 0.67 0 0.34 0 0 Z "
     fill="#FCF6EC"
     transform="translate(497,197)"
     id="path118" />
  <path
     d="M0 0 C0.66 0.33 1.32 0.66 2 1 C1.38125 2.381875 0.7625 3.76375 0.125 5.1875 C-1.31895262 8.43383319 -2.71710294 11.68584925 -4 15 C-4.99 14.67 -5.98 14.34 -7 14 C-5.70819585 8.8327834 -3.81790004 3.81790004 0 0 Z "
     fill="#511A14"
     transform="translate(53,395)"
     id="path119" />
  <path
     d="M0 0 C0.33 0 0.66 0 1 0 C1.05367681 3.14605764 1.09351462 6.29121097 1.125 9.4375 C1.14175781 10.33533203 1.15851563 11.23316406 1.17578125 12.15820312 C1.19299851 14.43948969 1.10463502 16.72104929 1 19 C0.34 19.33 -0.32 19.66 -1 20 C-1 17.36 -1 14.72 -1 12 C-2.32 13.32 -3.64 14.64 -5 16 C-4.5978125 14.824375 -4.5978125 14.824375 -4.1875 13.625 C-2.70734418 9.10662961 -1.35493185 4.55749803 0 0 Z "
     fill="#D03C1A"
     transform="translate(484,349)"
     id="path120" />
  <path
     d="M0 0 C1.45566425 2.91132849 0.30166403 4.19606683 -0.9375 7.125 C-1.31777344 8.03507813 -1.69804687 8.94515625 -2.08984375 9.8828125 C-2.39019531 10.58148437 -2.69054687 11.28015625 -3 12 C-3.33 11.01 -3.66 10.02 -4 9 C-5.98 10.98 -7.96 12.96 -10 15 C-10.66 14.67 -11.32 14.34 -12 14 C-11.30132812 13.24074219 -10.60265625 12.48148438 -9.8828125 11.69921875 C-8.97273438 10.70535156 -8.06265625 9.71148438 -7.125 8.6875 C-6.22007812 7.70136719 -5.31515625 6.71523438 -4.3828125 5.69921875 C-1.93517312 3.04879774 -1.93517312 3.04879774 0 0 Z "
     fill="#B21F05"
     transform="translate(382,543)"
     id="path122" />
  <path
     d="M0 0 C1.89698499 3.79396999 -1.04943371 8.12115007 -2.51953125 11.84375 C-4.15285909 15.32588429 -5.94841338 17.64591889 -9 20 C-7.8537043 17.09017245 -6.65487809 14.23011266 -5.375 11.375 C-3.81135156 8.14434464 -3.81135156 8.14434464 -4 5 C-2 2.3125 -2 2.3125 0 0 Z "
     fill="#B6280E"
     transform="translate(448,511)"
     id="path123" />
  <path
     d="M0 0 C4.68663529 0.568077 7.9725055 2.62665503 12 5 C12.9075 5.309375 13.815 5.61875 14.75 5.9375 C17.71566313 7.33795203 18.56064043 9.12128085 20 12 C16.5009283 10.71475222 13.61200116 9.19878156 10.5625 7.0625 C7.15314461 4.72498209 3.72050245 2.81255247 0 1 C0 0.67 0 0.34 0 0 Z "
     fill="#280D0D"
     transform="translate(454,116)"
     id="path125" />
  <path
     d="M0 0 C4.95 1.65 9.9 3.3 15 5 C15 5.33 15 5.66 15 6 C9.25 6.125 9.25 6.125 7 5 C7 5.66 7 6.32 7 7 C2.30442518 6.49237029 2.10255984 6.13674645 -1 2 C-0.67 1.34 -0.34 0.68 0 0 Z "
     fill="#411D1B"
     transform="translate(192,388)"
     id="path126" />
  <path
     d="M0 0 C0 0.99 0 1.98 0 3 C-2.31 3.33 -4.62 3.66 -7 4 C-7 3.34 -7 2.68 -7 2 C-7.99 2.495 -7.99 2.495 -9 3 C-11.99972611 3.04053684 -15.00030608 3.04285277 -18 3 C-12.1750204 0.0875102 -6.44678884 -0.16116972 0 0 Z "
     fill="#401F1C"
     transform="translate(465,392)"
     id="path127" />
  <path
     d="M0 0 C1.36511719 0.00902344 2.73023438 0.01804687 4.13671875 0.02734375 C5.18472656 0.03894531 6.23273438 0.05054687 7.3125 0.0625 C7.3125 0.3925 7.3125 0.7225 7.3125 1.0625 C2.3625 1.3925 -2.5875 1.7225 -7.6875 2.0625 C-7.0275 3.7125 -6.3675 5.3625 -5.6875 7.0625 C-5.6875 8.7125 -5.6875 10.3625 -5.6875 12.0625 C-10.6875 4.5625 -10.6875 4.5625 -10.6875 1.0625 C-6.98819566 -0.17060145 -3.8970339 -0.03330798 0 0 Z "
     fill="#190609"
     transform="translate(433.6875,111.9375)"
     id="path130" />
  <path
     d="M0 0 C4 1 4 1 4 1 Z "
     fill="#864D3F"
     transform="translate(203,580)"
     id="path143" />
  <path
     d="M0 0 C0 3 0 3 0 3 Z "
     fill="#874F42"
     transform="translate(38,467)"
     id="path145" />
  <path
     d="M0 0 C1 4 1 4 1 4 Z "
     fill="#854E3E"
     transform="translate(35,455)"
     id="path146" />
  <path
     d="M0 0 C1 4 1 4 1 4 Z "
     fill="#8E5547"
     transform="translate(3,399)"
     id="path147" />
  <path
     d="M0 0 C1 4 1 4 1 4 Z "
     fill="#874F43"
     transform="translate(617,209)"
     id="path148" />
  <path
     d="M0 0 C4 1 4 1 4 1 Z "
     fill="#8E5548"
     transform="translate(537,97)"
     id="path150" />
  <path
     d="M0 0 C3 1 3 1 3 1 Z "
     fill="#864B3E"
     transform="translate(316,606)"
     id="path151" />
  <path
     d="M0 0 C3 1 3 1 3 1 Z "
     fill="#844D3E"
     transform="translate(353,604)"
     id="path152" />
  <path
     d="M0 0 C3 1 3 1 3 1 Z "
     fill="#864C3D"
     transform="translate(284,599)"
     id="path154" />
  <path
     d="M0 0 C3 1 3 1 3 1 Z "
     fill="#7F473C"
     transform="translate(251,590)"
     id="path155" />
  <path
     d="M0 0 C3 1 3 1 3 1 Z "
     fill="#854C3F"
     transform="translate(437,580)"
     id="path156" />
  <path
     d="M0 0 C3 1 3 1 3 1 Z "
     fill="#844C3E"
     transform="translate(104,534)"
     id="path158" />
  <path
     d="M0 0 C3 1 3 1 3 1 Z "
     fill="#854E3F"
     transform="translate(99,532)"
     id="path159" />
  <path
     d="M0 0 C3 1 3 1 3 1 Z "
     fill="#8C5245"
     transform="translate(144,105)"
     id="path168" />
  <path
     d="M0 0 C3 1 3 1 3 1 Z "
     fill="#8D5649"
     transform="translate(534,98)"
     id="path169" />
  <path
     d="M0 0 C3 1 3 1 3 1 Z "
     fill="#905547"
     transform="translate(120,97)"
     id="path171" />
  <path
     d="M0 0 C3 1 3 1 3 1 Z "
     fill="#8D574B"
     transform="translate(74,93)"
     id="path172" />
  <path
     d="M0 0 C2 1 2 1 2 1 Z "
     fill="#874D3E"
     transform="translate(340,606)"
     id="path173" />
  <path
     d="M0 0 C2 1 2 1 2 1 Z "
     fill="#834F3F"
     transform="translate(304,604)"
     id="path174" />
  <path
     d="M0 0 C2 1 2 1 2 1 Z "
     fill="#834B3D"
     transform="translate(275,596)"
     id="path175" />
  <path
     d="M0 0 C2 1 2 1 2 1 Z "
     fill="#85493C"
     transform="translate(398,591)"
     id="path176" />
  <path
     d="M0 0 C2 1 2 1 2 1 Z "
     fill="#874F40"
     transform="translate(457,580)"
     id="path177" />
  <path
     d="M0 0 C2 1 2 1 2 1 Z "
     fill="#834B3F"
     transform="translate(224,579)"
     id="path178" />
  <path
     d="M0 0 C2 1 2 1 2 1 Z "
     fill="#864E3F"
     transform="translate(497,568)"
     id="path179" />
  <path
     d="M0 0 C2 1 2 1 2 1 Z "
     fill="#844C3E"
     transform="translate(134,549)"
     id="path180" />
  <path
     d="M0 0 C2 1 2 1 2 1 Z "
     fill="#844E3F"
     transform="translate(571,527)"
     id="path182" />
  <path
     d="M0 0 C2 1 2 1 2 1 Z "
     fill="#885345"
     transform="translate(14,434)"
     id="path186" />
  <path
     d="M0 0 C2 1 2 1 2 1 Z "
     fill="#8A5649"
     transform="translate(44,123)"
     id="path199" />
  <path
     d="M0 0 C2 1 2 1 2 1 Z "
     fill="#8C5648"
     transform="translate(45,121)"
     id="path200" />
  <path
     d="M0 0 C2 1 2 1 2 1 Z "
     fill="#8E5345"
     transform="translate(174,119)"
     id="path201" />
  <path
     d="M0 0 C2 1 2 1 2 1 Z "
     fill="#8C5242"
     transform="translate(170,117)"
     id="path202" />
  <path
     d="M0 0 C2 1 2 1 2 1 Z "
     fill="#894E43"
     transform="translate(196,105)"
     id="path205" />
  <path
     d="M0 0 C2 1 2 1 2 1 Z "
     fill="#895243"
     transform="translate(454,101)"
     id="path206" />
  <path
     d="M0 0 C2 1 2 1 2 1 Z "
     fill="#875348"
     transform="translate(60,99)"
     id="path209" />
  <path
     d="M0 0 C2 1 2 1 2 1 Z "
     fill="#894E40"
     transform="translate(423,98)"
     id="path210" />
  <path
     d="M0 0 C2 1 2 1 2 1 Z "
     fill="#8D5243"
     transform="translate(217,98)"
     id="path211" />
  <path
     d="M0 0 C2 1 2 1 2 1 Z "
     fill="#8B5549"
     transform="translate(62,98)"
     id="path212" />
  <path
     d="M0 0 C2 1 2 1 2 1 Z "
     fill="#844C3D"
     transform="translate(432,97)"
     id="path213" />
  <path
     d="M0 0 C2 1 2 1 2 1 Z "
     fill="#82493E"
     transform="translate(416,97)"
     id="path214" />
  <path
     d="M0 0 C2 1 2 1 2 1 Z "
     fill="#90564A"
     transform="translate(97,93)"
     id="path216" />
  <path
     d="M0 0 C2 1 2 1 2 1 Z "
     fill="#8F574C"
     transform="translate(573,92)"
     id="path217" />
  <path
     d="M0 0 C2 1 2 1 2 1 Z "
     fill="#8D5444"
     transform="translate(285,77)"
     id="path219" />
  <path
     d="M0 0 C2 1 2 1 2 1 Z "
     fill="#8C5447"
     transform="translate(292,75)"
     id="path222" />
  <path
     d="M0 0 C2 1 2 1 2 1 Z "
     fill="#905646"
     transform="translate(364,74)"
     id="path223" />
  <path
     d="M0 0 C2 1 2 1 2 1 Z "
     fill="#8E5244"
     transform="translate(359,73)"
     id="path225" />
</svg>
